experiment_label,method,tolerance,experiment_name,instance_name,termination_reason,iteration_count,solve_time_sec,cumulative_kkt_matrix_passes,primal_objective,dual_objective,relative_optimality_gap,l2_primal_residual,l_inf_primal_residual,l2_dual_residual,l_inf_dual_residual,relative_l2_primal_residual,relative_l_inf_primal_residual,relative_l2_dual_residual,relative_l_inf_dual_residual,l_inf_primal_variable,l2_primal_variable,l_inf_dual_variable
"pdhg,1e-4,mittelmann_pdhg_mp_1h",pdhg,1e-4,mittelmann_pdhg_mp_1h,L1_sixm250obs,TERMINATION_REASON_OPTIMAL,9600,813.946922377,10112.5,4629.4627900114465,4629.462679062757,1.1981596363398022e-8,9.130509877576603e-5,2.2420911506060293e-5,0.0,0.0,9.130509877576603e-5,2.2420911506060293e-5,0.0,0.0,3533.999944819996,111686.89077212836,0.04766860684253832
"pdhg,1e-4,mittelmann_pdhg_mp_1h",pdhg,1e-4,mittelmann_pdhg_mp_1h,buildingenergy,TERMINATION_REASON_OPTIMAL,11280,227.379274643,12031.5,33246.76123241331,33240.24052960166,9.807337623093622e-5,0.057503665148632324,0.03470506597346912,0.01299676973019528,0.010220423538873646,8.803668978336255e-6,0.00018420850193719309,1.7550178517413336e-6,1.5483144279463181e-6,174.8817923526517,6714.012869445964,73.50781733797845
"pdhg,1e-4,mittelmann_pdhg_mp_1h",pdhg,1e-4,mittelmann_pdhg_mp_1h,chrom1024-7,TERMINATION_REASON_OPTIMAL,160,2.127540024,190.5,2.9999612169459695,2.999896843133118,9.196445456306356e-6,0.0013659110518160192,9.029460767084885e-6,0.0,0.0,9.987590458321867e-6,4.514730383542442e-6,0.0,0.0,0.7499903042365,67.89641197015894,0.00017313547251704902
"pdhg,1e-4,mittelmann_pdhg_mp_1h",pdhg,1e-4,mittelmann_pdhg_mp_1h,datt256,TERMINATION_REASON_OPTIMAL,1040,17.315568363,1113.5,255.99999946503607,255.97738522738445,4.408427803339331e-5,8.354335846388528e-5,5.883564899980542e-5,0.0,0.0,3.5227125126273455e-6,1.9611882999935142e-5,0.0,0.0,0.27712420199203264,1.486705081312457,16.669003541841523
"pdhg,1e-4,mittelmann_pdhg_mp_1h",pdhg,1e-4,mittelmann_pdhg_mp_1h,ds-big,TERMINATION_REASON_OPTIMAL,57200,2232.621964864,61441.5,86.79151808482129,86.7743038056905,9.861196736205612e-5,0.0018545399408518438,0.00046724562653377433,0.0,0.0,5.580329070657236e-5,0.00023362281326688716,0.0,0.0,0.5681822860812022,1.91247848550987,232.32137057117154
"pdhg,1e-4,mittelmann_pdhg_mp_1h",pdhg,1e-4,mittelmann_pdhg_mp_1h,ex10,TERMINATION_REASON_OPTIMAL,200,3.293674606,235.5,100.00000609673538,99.99682488320649,1.582718251516955e-5,2.5235736887708355e-5,6.751270250848762e-6,0.0,0.0,1.573958111430441e-6,1.6878175627121905e-6,0.0,0.0,0.2500016878175629,1.848871475556151,1.8421470736672028
"pdhg,1e-4,mittelmann_pdhg_mp_1h",pdhg,1e-4,mittelmann_pdhg_mp_1h,fome13,TERMINATION_REASON_DUAL_INFEASIBLE,1,0.430909013,5.5,-7.713449982363768e11,-5.08246337822068e12,0.7364638715066406,3158.629591964524,340.92368754290953,2.9155883853509045e8,1.9740643708841503e7,0.8684012874789483,1.1288863825924156,0.10078604371049543,0.32876937745603396,20.46151586665496,457.4270993092149,4.1749618860086106e7
"pdhg,1e-4,mittelmann_pdhg_mp_1h",pdhg,1e-4,mittelmann_pdhg_mp_1h,graph40-40,TERMINATION_REASON_OPTIMAL,80,10.111503113,105.5,-300.0,-300.00091896469314,1.5290570515679602e-6,0.009862396363859967,0.0006399447024543203,0.0,0.0,1.6828187189432532e-5,0.00021331490081810678,0.0,0.0,1.0,17.353434038862954,0.0007287296833343232
"pdhg,1e-4,mittelmann_pdhg_mp_1h",pdhg,1e-4,mittelmann_pdhg_mp_1h,irish-e,TERMINATION_REASON_OPTIMAL,38720,244.179741708,40709.5,2.4014306429011975e6,2.401779680419866e6,7.266753327586692e-5,1.6779247367409116,0.6220339734236404,0.0,0.0,4.136106109308756e-5,0.0001381284776549731,0.0,0.0,445.0000000000003,9013.073253528815,183393.37055393096
"pdhg,1e-4,mittelmann_pdhg_mp_1h",pdhg,1e-4,mittelmann_pdhg_mp_1h,lo10,TERMINATION_REASON_OPTIMAL,1080,51.032864701,1161.5,1.4513414014358953e12,1.4511788013916052e12,5.60202971650587e-5,178.0916644868406,171.69827279001868,0.0,0.0,9.044205685385946e-5,0.0014986189593354225,0.0,0.0,57700.000000000065,1.292048082349024e6,23283.674044334548
"pdhg,1e-4,mittelmann_pdhg_mp_1h",pdhg,1e-4,mittelmann_pdhg_mp_1h,long15,TERMINATION_REASON_OPTIMAL,1000,102.714619381,1098.5,6.333580589161794e10,6.332919172301665e10,5.221780859591685e-5,136.90720078896314,64.25038918666542,0.0,0.0,9.852704044168906e-5,9.223135242163672e-5,0.0,0.0,16376.999999999989,920585.5546231642,6808.944618200234
"pdhg,1e-4,mittelmann_pdhg_mp_1h",pdhg,1e-4,mittelmann_pdhg_mp_1h,neos-3025225,TERMINATION_REASON_OPTIMAL,19200,579.773450683,20180.5,0.05257508527087952,0.05256191981764724,1.1912960267967828e-5,5.0301704528514965e-6,4.910736638885638e-6,0.0,0.0,1.535989164406158e-8,1.5063609321735085e-8,0.0,0.0,0.9942918410782847,21.419969790782954,0.1913212841214392
"pdhg,1e-4,mittelmann_pdhg_mp_1h",pdhg,1e-4,mittelmann_pdhg_mp_1h,neos-5251015,TERMINATION_REASON_OPTIMAL,2560,79.224284129,2709.5,0.1058,0.10574995952239391,4.13028593767782e-5,2.4592749677498677e-9,1.126846171928264e-9,0.0,0.0,1.4757617758609186e-14,2.8100902043098855e-12,0.0,0.0,11.574378421126688,146.04834280328978,1.2658599948661667e-6
"pdhg,1e-4,mittelmann_pdhg_mp_1h",pdhg,1e-4,mittelmann_pdhg_mp_1h,neos3,TERMINATION_REASON_OPTIMAL,1000,30.103033903,1092.5,27777.79060567525,27777.29248097945,8.966159385722352e-6,5.749826381159846,5.749821087345481,0.0,0.0,5.749825806177265e-7,5.74982051236343e-7,0.0,0.0,3086.4215451548744,146734.91991964224,0.5000000004349376
"pdhg,1e-4,mittelmann_pdhg_mp_1h",pdhg,1e-4,mittelmann_pdhg_mp_1h,neos5052403,TERMINATION_REASON_OPTIMAL,51760,838.184459169,54469.5,179.50036683710982,179.49962973469292,2.0475067331258658e-6,9.957383413383147e-5,2.200909064531409e-5,0.0,0.0,9.957383413383147e-5,2.200909064531409e-5,0.0,0.0,1.9695902946678896,148.72943357751316,0.5521418052164268
"pdhg,1e-4,mittelmann_pdhg_mp_1h",pdhg,1e-4,mittelmann_pdhg_mp_1h,netlarge1,TERMINATION_REASON_OPTIMAL,1000,1442.359969614,1102.5,2.3295150060928214e8,2.3293436445617238e8,3.678186946188995e-5,2.1522365820542633,0.1085678482096295,0.0,0.0,8.672899116307922e-5,6.187612459228856e-6,0.0,0.0,17178.22557236257,17181.16993314324,8735.735826210592
"pdhg,1e-4,mittelmann_pdhg_mp_1h",pdhg,1e-4,mittelmann_pdhg_mp_1h,netlarge2,TERMINATION_REASON_OPTIMAL,23440,3456.469057549,24748.5,5.744842979185151e8,5.74369918840506e8,9.955926195077978e-5,0.01490973653690733,0.0005106384617192816,0.0,0.0,1.7629561542537953e-6,1.25463995508423e-6,0.0,0.0,323.58318031256573,8699.709496521089,11981.053544942182
"pdhg,1e-4,mittelmann_pdhg_mp_1h",pdhg,1e-4,mittelmann_pdhg_mp_1h,nug08-3rd,TERMINATION_REASON_OPTIMAL,720,1.855280459,777.5,214.00500461241998,213.999835185193,1.204981097512314e-5,7.266945062261037e-5,1.4854416593435005e-5,0.0,0.0,1.4533890124522074e-5,7.427208296717502e-6,0.0,0.0,0.25000589487033975,4.7959394378810005,25.652084504767437
"pdhg,1e-4,mittelmann_pdhg_mp_1h",pdhg,1e-4,mittelmann_pdhg_mp_1h,pds-100,TERMINATION_REASON_OPTIMAL,7480,234.032293419,7927.5,1.0928179604348488e10,1.092822398856427e10,2.0307190792600024e-6,11.98733825560556,4.489083723152973,0.0,0.0,9.510190834067241e-5,8.487424558342577e-5,0.0,0.0,11958.026108702672,51763.26836436566,135151.07501982772
"pdhg,1e-4,mittelmann_pdhg_mp_1h",pdhg,1e-4,mittelmann_pdhg_mp_1h,psched3-3,TERMINATION_REASON_OPTIMAL,270480,1618.897604669,285122.5,2.431733692372714e6,2.4318649460172504e6,2.698693443025653e-5,3.1509738803319616,1.9719615059641455,0.0,0.0,9.788803830428998e-5,0.0001714600039965347,0.0,0.0,15320.759763480932,20016.017053014835,449564.4249570668
"pdhg,1e-4,mittelmann_pdhg_mp_1h",pdhg,1e-4,mittelmann_pdhg_mp_1h,qap15,TERMINATION_REASON_OPTIMAL,4160,11.105309713,4390.5,1040.9985260614335,1040.7935026629254,9.843680774677095e-5,9.437005380828632e-5,8.126310115541546e-6,0.0,0.0,1.4569517876877963e-5,4.063155057770773e-6,0.0,0.0,0.251868077372797,2.2532263142372355,67.03123720540853
"pdhg,1e-4,mittelmann_pdhg_mp_1h",pdhg,1e-4,mittelmann_pdhg_mp_1h,rmine15,TERMINATION_REASON_OPTIMAL,20160,421.651478674,21359.5,-5042.567886872218,-5042.643766516896,7.523106522608868e-6,6.1045076027910525,3.44897844119987,0.0,0.0,9.906732607707384e-5,0.00030654861267441735,0.0,0.0,1.0000000000000027,154.8672030132606,1.5161189127332355
"pdhg,1e-4,mittelmann_pdhg_mp_1h",pdhg,1e-4,mittelmann_pdhg_mp_1h,s100,TERMINATION_REASON_OPTIMAL,58480,1770.208181241,61572.5,-0.1711210101375802,-0.17125474498312493,9.962549236649204e-5,0.19120858293886064,0.1310411796957749,0.0,0.0,1.090867371991427e-6,1.445285874793476e-6,0.0,0.0,0.9999999999999992,14.97353638733396,0.026481942817624154
"pdhg,1e-4,mittelmann_pdhg_mp_1h",pdhg,1e-4,mittelmann_pdhg_mp_1h,s250r10,TERMINATION_REASON_OPTIMAL,26040,503.218021016,27416.5,-0.17299642845004,-0.17306022167191018,4.739267241418704e-5,0.12618722277501107,0.058251041388302754,0.0,0.0,6.659525781133401e-7,6.424652731757925e-7,0.0,0.0,1.0000000000000002,11.402872281915537,0.015025892348923946
"pdhg,1e-4,mittelmann_pdhg_mp_1h",pdhg,1e-4,mittelmann_pdhg_mp_1h,savsched1,TERMINATION_REASON_OPTIMAL,480,21.716480846,538.5,217.4216901048203,217.38783845801936,7.767532507279525e-5,0.0016779945899608774,0.0009999220732905822,0.0,0.0,1.164373622658431e-6,4.424433952613196e-6,0.0,0.0,22.00000000000001,102.34838741583997,10.077970505909674
"pdhg,1e-4,mittelmann_pdhg_mp_1h",pdhg,1e-4,mittelmann_pdhg_mp_1h,scpm1,TERMINATION_REASON_OPTIMAL,1360,125.802418302,1464.5,413.7817751654499,413.7038101410533,9.410546879676774e-5,0.002899307199483265,0.00027541439461886696,0.0,0.0,4.043062031411807e-5,0.00013770719730943348,0.0,0.0,0.5595413513738495,9.479181702352635,0.669470381770294
"pdhg,1e-4,mittelmann_pdhg_mp_1h",pdhg,1e-4,mittelmann_pdhg_mp_1h,self,TERMINATION_REASON_OPTIMAL,80,1.638491736,106.5,0.0,-1.7142001507497541e-6,1.7141972122726346e-6,7.044998755659709e-5,1.7766618932705982e-5,0.0,0.0,7.044998755659709e-5,1.7766618932705982e-5,0.0,0.0,0.0005351319712745176,0.00469592921797427,0.00012243053395225348
"pdhg,1e-4,mittelmann_pdhg_mp_1h",pdhg,1e-4,mittelmann_pdhg_mp_1h,set-cover,TERMINATION_REASON_OPTIMAL,6200,1339.014514122,6772.5,7.581834556624084e9,7.581748683254446e9,5.66313174625787e-6,0.009958635540219456,0.0012799125308686765,0.0,0.0,9.860035188336095e-5,0.0006399562654343383,0.0,0.0,0.9598062908579567,9.456037470659412,1.3485319404141689e7
"pdhg,1e-4,mittelmann_pdhg_mp_1h",pdhg,1e-4,mittelmann_pdhg_mp_1h,square15,TERMINATION_REASON_OPTIMAL,1320,129.113718603,1433.5,6.14555495223626e10,6.145274666271775e10,2.2804478882436212e-5,126.03562512796198,92.25584552047076,0.0,0.0,9.725744758420977e-5,0.00019132794023992924,0.0,0.0,16375.848868194995,923534.4184693829,6643.0996690521515
"pdhg,1e-4,mittelmann_pdhg_mp_1h",pdhg,1e-4,mittelmann_pdhg_mp_1h,stat96v1,TERMINATION_REASON_OPTIMAL,18200,216.138146969,19407.5,3.7523902738083663,3.7522497353822066,1.6524911813764375e-5,0.00017424851379707943,2.872333236775401e-5,0.7237294948792256,0.11490871451301388,8.712425689853971e-5,1.4361666183877004e-5,5.664764979073364e-5,0.0013525828995323574,0.008440435897090315,0.1815282452014465,59.114553534046685
"pdhg,1e-4,mittelmann_pdhg_mp_1h",pdhg,1e-4,mittelmann_pdhg_mp_1h,stp3d,TERMINATION_REASON_OPTIMAL,11280,161.260059913,11954.5,481.77678962783676,481.7915784601937,1.5332072713784194e-5,0.004703243811064869,0.002512349628379873,0.0,0.0,9.976952193035051e-5,0.0012561748141899365,0.0,0.0,1.0000000000000013,22.80009673107631,65122.5105266602
"pdhg,1e-4,mittelmann_pdhg_mp_1h",pdhg,1e-4,mittelmann_pdhg_mp_1h,support10,TERMINATION_REASON_OPTIMAL,17280,141.330963286,18464.5,3.3839423128852006,3.3831921130986298,9.658643013325295e-5,7.931009386856496e-5,4.752882528381158e-5,0.0,0.0,2.8873775117516146e-7,2.376441264190579e-5,0.0,0.0,1.0000000000000002,34.05154250335054,0.35171076942987667
"pdhg,1e-4,mittelmann_pdhg_mp_1h",pdhg,1e-4,mittelmann_pdhg_mp_1h,wide15,TERMINATION_REASON_OPTIMAL,1000,95.15973812,1098.5,6.333580589161794e10,6.332919172301665e10,5.221780859591685e-5,136.90720078896314,64.25038918666542,0.0,0.0,9.852704044168906e-5,9.223135242163672e-5,0.0,0.0,16376.999999999989,920585.5546231642,6808.944618200234
"pdhg,1e-8,mittelmann_pdhg_mp_1h",pdhg,1e-8,mittelmann_pdhg_mp_1h,L1_sixm250obs,TERMINATION_REASON_OPTIMAL,19680,1684.180114319,20696.5,4629.46279475814,4629.462785597411,9.892875348753475e-10,6.12127460566356e-10,7.861444828449748e-11,0.0,0.0,6.12127460566356e-10,7.861444828449748e-11,0.0,0.0,3533.9999999997285,111686.89251652604,0.04766860684253759
"pdhg,1e-8,mittelmann_pdhg_mp_1h",pdhg,1e-8,mittelmann_pdhg_mp_1h,buildingenergy,TERMINATION_REASON_OPTIMAL,46800,887.790745831,49343.5,33246.215021692406,33246.21562493895,9.072272860154575e-9,9.349126451885382e-6,7.635928085392152e-6,2.5627898302651662e-5,2.558341338954051e-5,1.431328147627888e-9,4.053018872188657e-8,3.4606613764395204e-9,3.875687530607561e-9,174.91702819524326,6727.941843750573,72.7080892999863
"pdhg,1e-8,mittelmann_pdhg_mp_1h",pdhg,1e-8,mittelmann_pdhg_mp_1h,chrom1024-7,TERMINATION_REASON_OPTIMAL,320,3.489726607,358.5,2.9999999934134642,2.9999999983691756,7.079587718030086e-10,2.3187383208944075e-7,1.5290907429132972e-9,0.0,0.0,1.695469752464496e-9,7.645453714566486e-10,0.0,0.0,0.7499999983533748,67.89698069079918,0.0001731295476301843
"pdhg,1e-8,mittelmann_pdhg_mp_1h",pdhg,1e-8,mittelmann_pdhg_mp_1h,datt256,TERMINATION_REASON_OPTIMAL,1840,31.560598214,1953.5,255.99999999880058,255.99999555788588,8.65675386398498e-9,3.5466910977062544e-8,2.461596626535112e-8,0.0,0.0,1.4955076427427586e-9,8.205322088450373e-9,0.0,0.0,0.27712131958886005,1.4867092732756058,16.66900634743148
"pdhg,1e-8,mittelmann_pdhg_mp_1h",pdhg,1e-8,mittelmann_pdhg_mp_1h,ex10,TERMINATION_REASON_OPTIMAL,360,3.482244372,403.5,99.99999999937448,99.99999994204686,2.8521206631953453e-10,1.1176665077202473e-8,5.727191609850024e-9,0.0,0.0,6.970909046675218e-10,1.431797902462506e-9,0.0,0.0,0.25000000140697426,1.848871616859781,1.8421474661775676
"pdhg,1e-8,mittelmann_pdhg_mp_1h",pdhg,1e-8,mittelmann_pdhg_mp_1h,fome13,TERMINATION_REASON_DUAL_INFEASIBLE,1,0.39376145,5.5,-7.713449982363768e11,-5.08246337822068e12,0.7364638715066406,3158.629591964524,340.92368754290953,2.9155883853509045e8,1.9740643708841503e7,0.8684012874789483,1.1288863825924156,0.10078604371049543,0.32876937745603396,20.46151586665496,457.4270993092149,4.1749618860086106e7
"pdhg,1e-8,mittelmann_pdhg_mp_1h",pdhg,1e-8,mittelmann_pdhg_mp_1h,graph40-40,TERMINATION_REASON_OPTIMAL,320,18.279694457,357.5,-300.0,-300.0000006240966,1.0384302347872485e-9,8.161483086850529e-7,4.3412003614129446e-7,0.0,0.0,1.3925922266944335e-9,1.4470667871376483e-7,0.0,0.0,1.0,17.353460689991806,0.0007264914289034659
"pdhg,1e-8,mittelmann_pdhg_mp_1h",pdhg,1e-8,mittelmann_pdhg_mp_1h,lo10,TERMINATION_REASON_OPTIMAL,25480,1176.021310363,26799.5,1.4513431236937595e12,1.451343101569013e12,7.622162667623756e-9,0.019495415823370253,0.019247216918587107,0.0,0.0,9.900550434897916e-9,1.6799379353053658e-7,0.0,0.0,57700.00000000016,1.2924231595224363e6,23529.192799100783
"pdhg,1e-8,mittelmann_pdhg_mp_1h",pdhg,1e-8,mittelmann_pdhg_mp_1h,long15,TERMINATION_REASON_OPTIMAL,14840,1370.892201999,15630.5,6.3335034686462814e10,6.3335033458503845e10,9.694152589396161e-9,0.007115614037587698,0.0020198558922857046,0.0,0.0,5.120843812514583e-9,2.899500578916119e-9,0.0,0.0,16376.99999999998,921754.4916345432,6808.730573972262
"pdhg,1e-8,mittelmann_pdhg_mp_1h",pdhg,1e-8,mittelmann_pdhg_mp_1h,neos-3025225,TERMINATION_REASON_OPTIMAL,20640,636.284741727,21692.5,0.05257405193668726,0.05257404323498455,7.873788816695152e-9,2.8631198120563293e-9,2.857847514192713e-9,0.0,0.0,8.742687845144775e-12,8.766403417769058e-12,0.0,0.0,0.9942918440607249,21.419972721642917,0.19132128402910922
"pdhg,1e-8,mittelmann_pdhg_mp_1h",pdhg,1e-8,mittelmann_pdhg_mp_1h,neos-5251015,TERMINATION_REASON_OPTIMAL,4280,120.913956658,4515.5,0.1058,0.10579999004964082,8.212577807114024e-9,2.2111583759256934e-12,7.043254868221993e-13,0.0,0.0,1.3268719660703428e-17,1.756422660404487e-15,0.0,0.0,11.574378421126445,146.04834280328694,1.499120496271365e-10
"pdhg,1e-8,mittelmann_pdhg_mp_1h",pdhg,1e-8,mittelmann_pdhg_mp_1h,neos3,TERMINATION_REASON_OPTIMAL,1440,51.833984816,1554.5,27777.777745600666,27777.77751373902,4.173434531503811e-9,0.014782270526465314,0.014782270416617393,0.0,0.0,1.4782269048238409e-9,1.47822689383905e-9,0.0,0.0,3086.419748479261,146734.83502325963,0.5000000000009512
"pdhg,1e-8,mittelmann_pdhg_mp_1h",pdhg,1e-8,mittelmann_pdhg_mp_1h,neos5052403,TERMINATION_REASON_OPTIMAL,152120,2256.983638737,159847.5,179.50037100885723,179.5003699617092,2.908738547209016e-9,9.602492464149129e-9,2.3278967642426096e-9,0.0,0.0,9.602492464149129e-9,2.3278967642426096e-9,0.0,0.0,1.9695902946678918,148.72942380932656,0.5520262890276714
"pdhg,1e-8,mittelmann_pdhg_mp_1h",pdhg,1e-8,mittelmann_pdhg_mp_1h,nug08-3rd,TERMINATION_REASON_OPTIMAL,880,2.240266159,945.5,214.00000022834067,213.99999990715705,7.486797669999862e-10,3.2553405324343236e-9,6.841547328662045e-10,6.0976539086151216e-9,4.077689297332654e-10,6.510681064868647e-10,3.4207736643310227e-10,7.567225266204952e-12,1.8903195418473958e-11,0.2500000002694472,4.795831528205086,25.65209478754751
"pdhg,1e-8,mittelmann_pdhg_mp_1h",pdhg,1e-8,mittelmann_pdhg_mp_1h,pds-100,TERMINATION_REASON_OPTIMAL,15160,443.607611428,15991.5,1.0928229732242226e10,1.0928229947561413e10,9.851512564654734e-9,0.0010015425307552518,0.00019178324315305417,0.0,0.0,7.945767769974336e-9,3.626009021441345e-9,0.0,0.0,11957.983969468321,51765.21277463614,135151.07501982854
"pdhg,1e-8,mittelmann_pdhg_mp_1h",pdhg,1e-8,mittelmann_pdhg_mp_1h,qap15,TERMINATION_REASON_OPTIMAL,47600,116.049218168,50002.5,1040.9940379890033,1040.9940286212843,4.497250455184123e-9,6.394406481634877e-8,3.857205442634598e-9,0.0,0.0,9.872138012707511e-9,1.928602721317299e-9,0.0,0.0,0.2508549867255073,2.2520432348421493,67.03253813962196
"pdhg,1e-8,mittelmann_pdhg_mp_1h",pdhg,1e-8,mittelmann_pdhg_mp_1h,rmine15,TERMINATION_REASON_OPTIMAL,61200,1101.531809214,64451.5,-5042.482931278832,-5042.482966086214,3.451070738748389e-9,0.0006102143136922681,0.00028736072999890894,0.0,0.0,9.902895421706125e-9,2.554090569717438e-8,0.0,0.0,1.0000000000000022,154.80551551337413,1.5161189127332462
"pdhg,1e-8,mittelmann_pdhg_mp_1h",pdhg,1e-8,mittelmann_pdhg_mp_1h,savsched1,TERMINATION_REASON_OPTIMAL,880,37.202331734,958.5,217.40357149310876,217.40357121943453,6.27970964444708e-10,1.4791015925803977e-7,7.653635702986605e-8,0.0,0.0,1.026360209941348e-10,3.3865644703480556e-10,0.0,0.0,22.000000000000007,102.34787312866794,10.077970505909665
"pdhg,1e-8,mittelmann_pdhg_mp_1h",pdhg,1e-8,mittelmann_pdhg_mp_1h,self,TERMINATION_REASON_OPTIMAL,1640,10.575803367,1745.5,0.0,-2.1774012161730594e-10,2.177401215698952e-10,5.416521793700753e-9,1.9411771232590806e-9,0.0,0.0,5.416521793700753e-9,1.9411771232590806e-9,0.0,0.0,0.001092606813530692,0.005509294974504464,2.488715788071256e-8
"pdhg,1e-8,mittelmann_pdhg_mp_1h",pdhg,1e-8,mittelmann_pdhg_mp_1h,square15,TERMINATION_REASON_OPTIMAL,18440,1528.904106516,19409.5,6.14549200113195e10,6.145491888509489e10,9.163014345372204e-9,0.00037113133944494765,0.00012883543968200684,0.0,0.0,2.863895565740051e-10,2.6718978255740375e-10,0.0,0.0,16376.000000211301,924169.159421498,6643.744585385746
"pdhg,1e-8,mittelmann_pdhg_mp_1h",pdhg,1e-8,mittelmann_pdhg_mp_1h,stp3d,TERMINATION_REASON_OPTIMAL,231680,3067.111465892,243374.5,481.877786928553,481.877780202718,6.971543104301594e-9,4.4918675544763817e-7,1.4241620815980127e-7,0.0,0.0,9.528561488354877e-9,7.120810407990064e-8,0.0,0.0,1.0000000000000002,23.511332525359713,65122.51052666106
"pdhg,1e-8,mittelmann_pdhg_mp_1h",pdhg,1e-8,mittelmann_pdhg_mp_1h,support10,TERMINATION_REASON_OPTIMAL,35640,268.317275456,37744.5,3.3839236476043726,3.3839235712165396,9.833848529211791e-9,6.834293796225463e-8,4.3385418826979993e-8,0.0,0.0,2.4881052654694107e-10,2.1692709413489997e-8,0.0,0.0,1.0000000000000002,34.051489297914586,0.3515264625779127
"pdhg,1e-8,mittelmann_pdhg_mp_1h",pdhg,1e-8,mittelmann_pdhg_mp_1h,wide15,TERMINATION_REASON_OPTIMAL,14840,1402.576880737,15630.5,6.3335034686462814e10,6.3335033458503845e10,9.694152589396161e-9,0.007115614037587698,0.0020198558922857046,0.0,0.0,5.120843812514583e-9,2.899500578916119e-9,0.0,0.0,16376.99999999998,921754.4916345432,6808.730573972262
"mirror-prox,1e-4,mittelmann_pdhg_mp_1h",mirror-prox,1e-4,mittelmann_pdhg_mp_1h,L1_sixm250obs,TERMINATION_REASON_OPTIMAL,11080,1562.066025309,22734.0,4629.462787294578,4629.462689625075,1.0547547487928723e-8,9.392540308580222e-5,1.8870426174544264e-5,0.0,0.0,9.392540308580222e-5,1.8870426174544264e-5,0.0,0.0,3533.9999474102456,111686.89082621249,0.04575280659806974
"mirror-prox,1e-4,mittelmann_pdhg_mp_1h",mirror-prox,1e-4,mittelmann_pdhg_mp_1h,buildingenergy,TERMINATION_REASON_OPTIMAL,11040,456.773050401,22652.0,33243.87954549162,33240.312974953245,5.364458465358072e-5,0.10965791320404554,0.042315027671747885,0.6864309582413215,0.6815637664581118,1.6788355424097806e-5,0.00022460086555670025,9.269215433605503e-5,0.00010325159316135612,175.04941868484795,6710.478321415074,74.20737811571158
"mirror-prox,1e-4,mittelmann_pdhg_mp_1h",mirror-prox,1e-4,mittelmann_pdhg_mp_1h,chrom1024-7,TERMINATION_REASON_OPTIMAL,200,4.730872585,430.0,3.0000141572396224,2.9994416901445824,8.178737140744102e-5,0.0006988448496174931,5.157624751062073e-6,0.0,0.0,5.1099785323555555e-6,2.5788123755310366e-6,0.0,0.0,0.7500035393099065,67.89732864724446,0.0001731631952293964
"mirror-prox,1e-4,mittelmann_pdhg_mp_1h",mirror-prox,1e-4,mittelmann_pdhg_mp_1h,datt256,TERMINATION_REASON_OPTIMAL,1520,54.202280567,3136.0,256.00002910514803,255.98258613098994,3.400305125361254e-5,0.001280018060368631,0.0009753840737983799,0.0,0.0,5.3973597908429825e-5,0.00032512802459945994,0.0,0.0,0.2873379414152988,1.4597776341050883,3.022697733485241
"mirror-prox,1e-4,mittelmann_pdhg_mp_1h",mirror-prox,1e-4,mittelmann_pdhg_mp_1h,ex10,TERMINATION_REASON_OPTIMAL,240,6.215496205,512.0,100.0000487860563,99.98572563521692,7.126450058774877e-5,4.257392004627993e-5,1.3024802879013642e-5,0.0,0.0,2.6553441688826574e-6,3.2562007197534104e-6,0.0,0.0,0.25000152661646435,1.835036208287163,2.3629960404159758
"mirror-prox,1e-4,mittelmann_pdhg_mp_1h",mirror-prox,1e-4,mittelmann_pdhg_mp_1h,fome13,TERMINATION_REASON_DUAL_INFEASIBLE,1,0.99394708,6.0,-7.713449982363768e11,-8.30260322262941e12,0.8299869076918329,3158.629591964524,340.92368754290953,2.043628811090439e8,3.0453528472229447e7,0.8684012874789483,1.1288863825924156,0.07064414981122222,0.5071864800776578,20.46151586665496,457.4270993092149,4.1749618860086106e7
"mirror-prox,1e-4,mittelmann_pdhg_mp_1h",mirror-prox,1e-4,mittelmann_pdhg_mp_1h,graph40-40,TERMINATION_REASON_OPTIMAL,80,12.517380288,184.0,-300.0,-300.0001528867925,2.543872771799458e-7,0.0046007493912246225,0.0014085148348628174,0.0,0.0,7.85024948408117e-6,0.0004695049449542725,0.0,0.0,1.0,17.351202353582607,0.00021920575280254294
"mirror-prox,1e-4,mittelmann_pdhg_mp_1h",mirror-prox,1e-4,mittelmann_pdhg_mp_1h,irish-e,TERMINATION_REASON_OPTIMAL,58000,834.57210375,118920.0,2.401480464371949e6,2.401363804889921e6,2.4289660708931933e-5,2.542257717861395,0.685175576785241,0.0,0.0,6.266698051491615e-5,0.00015214966286617392,0.0,0.0,445.00000000000006,9017.971361336673,129012.91600373201
"mirror-prox,1e-4,mittelmann_pdhg_mp_1h",mirror-prox,1e-4,mittelmann_pdhg_mp_1h,lo10,TERMINATION_REASON_OPTIMAL,1800,142.951022062,3710.0,1.451339088209979e12,1.451236630130984e12,3.529902022802157e-5,191.11261613802822,180.76785121542736,0.0,0.0,9.70546159139444e-5,0.0015777801643996068,0.0,0.0,57700.00000000001,1.2919188412966542e6,23269.30124777193
"mirror-prox,1e-4,mittelmann_pdhg_mp_1h",mirror-prox,1e-4,mittelmann_pdhg_mp_1h,long15,TERMINATION_REASON_OPTIMAL,1480,239.479189032,3054.0,6.33352349952812e10,6.333205035467604e10,2.5141776713160435e-5,120.45161868407817,25.86909803119488,0.0,0.0,8.668456762655398e-5,3.7135057507794584e-5,0.0,0.0,16376.99999999999,921236.1795100444,6809.369053751767
"mirror-prox,1e-4,mittelmann_pdhg_mp_1h",mirror-prox,1e-4,mittelmann_pdhg_mp_1h,neos-5251015,TERMINATION_REASON_OPTIMAL,2720,151.882871467,5596.0,0.1058,0.10570775507485759,7.61405981563136e-5,2.5747337440046966e-10,2.69579913947382e-11,0.0,0.0,1.5450462808142033e-15,6.722691120882345e-14,0.0,0.0,4.314768387116362,58.71000189226348,1.4731181510817353e-6
"mirror-prox,1e-4,mittelmann_pdhg_mp_1h",mirror-prox,1e-4,mittelmann_pdhg_mp_1h,neos3,TERMINATION_REASON_OPTIMAL,1320,104.031216582,2726.0,27773.312170868998,27770.760534960365,4.593811447769545e-5,735.5777150148394,735.5770916584879,0.0,0.0,7.355776414570753e-5,7.355770181007861e-5,0.0,0.0,3086.190485380189,146723.98710308564,0.5000000180282862
"mirror-prox,1e-4,mittelmann_pdhg_mp_1h",mirror-prox,1e-4,mittelmann_pdhg_mp_1h,neos5052403,TERMINATION_REASON_OPTIMAL,42680,1609.743912313,87514.0,179.5003825401276,179.4995186528308,2.3996875941497543e-6,9.917156804733766e-5,2.590482674835748e-5,0.0,0.0,9.917156804733766e-5,2.590482674835748e-5,0.0,0.0,1.899769828484188,147.43550078440524,0.5521471879989492
"mirror-prox,1e-4,mittelmann_pdhg_mp_1h",mirror-prox,1e-4,mittelmann_pdhg_mp_1h,netlarge1,TERMINATION_REASON_OPTIMAL,800,2102.92018617,1660.0,2.329501473195608e8,2.329421238516633e8,1.722172351155847e-5,2.2580626416870615,0.13638463747774887,0.0,0.0,9.099347930868824e-5,7.77297603315564e-6,0.0,0.0,17177.106422089746,17180.090031503318,8793.879694915573
"mirror-prox,1e-4,mittelmann_pdhg_mp_1h",mirror-prox,1e-4,mittelmann_pdhg_mp_1h,nug08-3rd,TERMINATION_REASON_OPTIMAL,800,4.062978172,1660.0,214.00717461168824,213.99974901050481,1.7308814321065207e-5,0.00011033851918955926,2.072347533843555e-5,0.0,0.0,2.2067703837911853e-5,1.0361737669217774e-5,0.0,0.0,0.2500086205169449,4.795987774323886,22.889555905393077
"mirror-prox,1e-4,mittelmann_pdhg_mp_1h",mirror-prox,1e-4,mittelmann_pdhg_mp_1h,pds-100,TERMINATION_REASON_OPTIMAL,22920,1609.823169829,47006.0,1.0930015249474947e10,1.0927837501828888e10,9.963227727524608e-5,11.137196868976934,1.4188040064398137,0.0,0.0,8.835728609811908e-5,2.6825055424170724e-5,0.0,0.0,13098.937558892047,49123.56159224226,124783.76725547781
"mirror-prox,1e-4,mittelmann_pdhg_mp_1h",mirror-prox,1e-4,mittelmann_pdhg_mp_1h,qap15,TERMINATION_REASON_OPTIMAL,5120,22.604667805,10516.0,1040.9993973852784,1040.7919947359576,9.957917538229932e-5,0.00013432307247243552,1.037834253062725e-5,0.0,0.0,2.0737748117003657e-5,5.189171265313625e-6,0.0,0.0,0.2520183980509372,2.249588424624823,67.00663698140939
"mirror-prox,1e-4,mittelmann_pdhg_mp_1h",mirror-prox,1e-4,mittelmann_pdhg_mp_1h,rmine15,TERMINATION_REASON_OPTIMAL,23800,886.377834942,48810.0,-5042.108839970214,-5043.114578904505,9.97141241595865e-5,5.035099848242499,3.017233981008758,0.0,0.0,8.171238549500718e-5,0.0002681747383351487,0.0,0.0,1.000000000000007,154.62367119574034,1.5924496818385534
"mirror-prox,1e-4,mittelmann_pdhg_mp_1h",mirror-prox,1e-4,mittelmann_pdhg_mp_1h,savsched1,TERMINATION_REASON_OPTIMAL,680,67.870532832,1414.0,217.38017833954655,217.33921012624887,9.402430642787462e-5,0.0035431352264865133,0.0009611064623185062,0.0,0.0,2.45860935661836e-6,4.25268346158631e-6,0.0,0.0,22.00000000000001,106.81923203371191,10.080102176433252
"mirror-prox,1e-4,mittelmann_pdhg_mp_1h",mirror-prox,1e-4,mittelmann_pdhg_mp_1h,scpm1,TERMINATION_REASON_OPTIMAL,1600,375.844662022,3300.0,413.7822996129355,413.700676050178,9.85217139702462e-5,0.002643860959094651,0.0003064339684409889,0.0,0.0,3.6868441750335076e-5,0.00015321698422049446,0.0,0.0,0.5593370778397074,9.478789383311318,0.6694000569447393
"mirror-prox,1e-4,mittelmann_pdhg_mp_1h",mirror-prox,1e-4,mittelmann_pdhg_mp_1h,self,TERMINATION_REASON_OPTIMAL,80,3.306066253,184.0,0.0,-9.270163258017525e-8,9.270162398658336e-8,6.837995103403064e-5,1.4485439446515724e-5,0.0,0.0,6.837995103403064e-5,1.4485439446515724e-5,0.0,0.0,0.0005700907115402694,0.004759031312734988,8.068017542613707e-6
"mirror-prox,1e-4,mittelmann_pdhg_mp_1h",mirror-prox,1e-4,mittelmann_pdhg_mp_1h,set-cover,TERMINATION_REASON_OPTIMAL,4560,3148.955598667,9368.0,7.581830608811148e9,7.581568825799367e9,1.7264137431211762e-5,0.010077836524351663,0.0016314127195599104,0.0,0.0,9.978055964704616e-5,0.0008157063597799552,0.0,0.0,0.9600842944086662,9.337571216514295,1.3485598969781063e7
"mirror-prox,1e-4,mittelmann_pdhg_mp_1h",mirror-prox,1e-4,mittelmann_pdhg_mp_1h,square15,TERMINATION_REASON_OPTIMAL,1640,274.261706984,3382.0,6.1455359960157166e10,6.1453758289922806e10,1.3031337765257035e-5,127.2771632397329,68.6027076303144,0.0,0.0,9.821550073550541e-5,0.00014227407132567737,0.0,0.0,16375.887205995596,923909.4510700768,6643.664494958924
"mirror-prox,1e-4,mittelmann_pdhg_mp_1h",mirror-prox,1e-4,mittelmann_pdhg_mp_1h,stat96v1,TERMINATION_REASON_OPTIMAL,30040,667.377892098,61602.0,3.7944352843123688,3.7936277091325703,9.403461297557567e-5,5.418807864108202e-5,6.506440038550698e-6,1.0210821732781181,0.1291436325938129,2.709403932054101e-5,3.253220019275349e-6,7.992199539839477e-5,0.0015201411813731323,0.008574659248548729,0.1764620853354925,62.08011998086572
"mirror-prox,1e-4,mittelmann_pdhg_mp_1h",mirror-prox,1e-4,mittelmann_pdhg_mp_1h,stp3d,TERMINATION_REASON_OPTIMAL,17200,484.903492071,35280.0,481.7466783501963,481.73155687271446,1.5678401989389063e-5,0.004701988636046547,0.0020313978164416824,0.0,0.0,9.974289600650996e-5,0.0010156989082208412,0.0,0.0,1.0000000000000024,22.527376879575307,5844.121392618439
"mirror-prox,1e-4,mittelmann_pdhg_mp_1h",mirror-prox,1e-4,mittelmann_pdhg_mp_1h,support10,TERMINATION_REASON_OPTIMAL,12960,191.925530796,26588.0,3.383929795185187,3.383166857689892,9.82268573949948e-5,3.51219240580012e-5,1.911135634894562e-5,0.0,0.0,1.2786550708486203e-7,9.55567817447281e-6,0.0,0.0,1.0000000000000018,33.906804754955026,0.35120778741162006
"mirror-prox,1e-4,mittelmann_pdhg_mp_1h",mirror-prox,1e-4,mittelmann_pdhg_mp_1h,tpl-tub-ws16,TERMINATION_REASON_OPTIMAL,12440,2133.801505433,25522.0,120686.13621898368,120667.25208880471,7.824233199722557e-5,0.09689781991433351,0.058007818995681415,0.0,0.0,8.460980139722064e-5,0.0002624788189849838,0.0,0.0,2.0005696670826327,138.35880410946106,10001.00307661679
"mirror-prox,1e-4,mittelmann_pdhg_mp_1h",mirror-prox,1e-4,mittelmann_pdhg_mp_1h,wide15,TERMINATION_REASON_OPTIMAL,1480,265.562953759,3054.0,6.33352349952812e10,6.333205035467604e10,2.5141776713160435e-5,120.45161868407817,25.86909803119488,0.0,0.0,8.668456762655398e-5,3.7135057507794584e-5,0.0,0.0,16376.99999999999,921236.1795100444,6809.369053751767
"mirror-prox,1e-8,mittelmann_pdhg_mp_1h",mirror-prox,1e-8,mittelmann_pdhg_mp_1h,chrom1024-7,TERMINATION_REASON_OPTIMAL,400,7.558230958,840.0,3.0000000198093537,2.9999999980437027,3.1093787148224374e-9,6.382433319528368e-7,4.985463597506623e-9,0.0,0.0,4.666858067972e-9,2.4927317987533115e-9,0.0,0.0,0.7500000049523411,67.89698110632811,0.00017312954736286006
"mirror-prox,1e-8,mittelmann_pdhg_mp_1h",mirror-prox,1e-8,mittelmann_pdhg_mp_1h,datt256,TERMINATION_REASON_OPTIMAL,2800,109.531157139,5760.0,255.99999999864517,255.9999973570672,5.149274810886245e-9,7.697673390098586e-8,5.772062924846999e-8,0.0,0.0,3.245822393068031e-9,1.9240209749489996e-8,0.0,0.0,0.28719706302454995,1.4596836030101987,3.022710615851275
"mirror-prox,1e-8,mittelmann_pdhg_mp_1h",mirror-prox,1e-8,mittelmann_pdhg_mp_1h,ex10,TERMINATION_REASON_OPTIMAL,400,9.809540285,840.0,100.00000000701505,99.99999813728643,9.302132527761078e-9,2.509647379107302e-8,1.817738770615307e-8,0.0,0.0,1.565272243387536e-9,4.5443469265382674e-9,0.0,0.0,0.2500000014207172,1.8350362152082422,2.3630029040474105
"mirror-prox,1e-8,mittelmann_pdhg_mp_1h",mirror-prox,1e-8,mittelmann_pdhg_mp_1h,fome13,TERMINATION_REASON_DUAL_INFEASIBLE,1,1.018287778,6.0,-7.713449982363768e11,-8.30260322262941e12,0.8299869076918329,3158.629591964524,340.92368754290953,2.043628811090439e8,3.0453528472229447e7,0.8684012874789483,1.1288863825924156,0.07064414981122222,0.5071864800776578,20.46151586665496,457.4270993092149,4.1749618860086106e7
"mirror-prox,1e-8,mittelmann_pdhg_mp_1h",mirror-prox,1e-8,mittelmann_pdhg_mp_1h,graph40-40,TERMINATION_REASON_OPTIMAL,280,28.96977561,594.0,-300.0,-300.00000004692805,7.808327915972776e-11,9.218381334426916e-7,6.399555780856048e-7,0.0,0.0,1.572930563283429e-9,2.1331852602853493e-7,0.0,0.0,1.0,17.35120187418402,0.00021447273562942188
"mirror-prox,1e-8,mittelmann_pdhg_mp_1h",mirror-prox,1e-8,mittelmann_pdhg_mp_1h,lo10,TERMINATION_REASON_OPTIMAL,43440,3478.956577625,89072.0,1.4513431236208655e12,1.4513431223381677e12,4.4190024178173316e-10,0.018020114350074858,0.014613277924881096,0.0,0.0,9.15133345099902e-9,1.2754779067024897e-7,0.0,0.0,57700.000000000065,1.2923859728776815e6,23529.973852026207
"mirror-prox,1e-8,mittelmann_pdhg_mp_1h",mirror-prox,1e-8,mittelmann_pdhg_mp_1h,neos-5251015,TERMINATION_REASON_OPTIMAL,5960,342.207971482,12238.0,0.1058,0.10579998821362543,9.727942130599276e-9,2.0016957420846984e-13,8.104628079763643e-14,0.0,0.0,1.2011776242227043e-18,2.021104259292679e-16,0.0,0.0,4.314768387116367,58.71000189226044,4.844317857728045e-10
"mirror-prox,1e-8,mittelmann_pdhg_mp_1h",mirror-prox,1e-8,mittelmann_pdhg_mp_1h,neos3,TERMINATION_REASON_OPTIMAL,1920,121.489082314,3956.0,27777.777777384712,27777.777271756535,9.101143449317356e-9,2.695864487838161e-5,2.695806324481964e-5,0.0,0.0,2.695864218251739e-12,2.6958060549013587e-12,0.0,0.0,3086.4197530948654,146734.83524135101,0.500000000000493
"mirror-prox,1e-8,mittelmann_pdhg_mp_1h",mirror-prox,1e-8,mittelmann_pdhg_mp_1h,nug08-3rd,TERMINATION_REASON_OPTIMAL,1000,6.42871999,2070.0,213.99999991865707,213.99999987818137,9.434894517370534e-11,1.755688977093467e-9,2.777901242367875e-10,0.0,0.0,3.511377954186934e-10,1.3889506211839375e-10,0.0,0.0,0.24999999993623054,4.795831521647603,22.88957138718296
"mirror-prox,1e-8,mittelmann_pdhg_mp_1h",mirror-prox,1e-8,mittelmann_pdhg_mp_1h,pds-100,TERMINATION_REASON_OPTIMAL,48320,3150.88333461,99076.0,1.092823000803403e10,1.092822996612656e10,1.9173951660402444e-9,0.0011606328570114045,0.00025064159753895865,0.0,0.0,9.207915654924965e-9,4.738832647122547e-9,0.0,0.0,13217.888908558618,49728.71676333819,124783.76725547502
"mirror-prox,1e-8,mittelmann_pdhg_mp_1h",mirror-prox,1e-8,mittelmann_pdhg_mp_1h,qap15,TERMINATION_REASON_OPTIMAL,59440,269.995736872,121872.0,1040.994038628451,1040.9940183196884,9.749821966789918e-9,5.142430644944503e-8,3.975561526682603e-9,0.0,0.0,7.93924896602584e-9,1.9877807633413014e-9,0.0,0.0,0.2508547969814041,2.2488416269886837,67.00569686334529
"mirror-prox,1e-8,mittelmann_pdhg_mp_1h",mirror-prox,1e-8,mittelmann_pdhg_mp_1h,savsched1,TERMINATION_REASON_OPTIMAL,1640,131.152128419,3382.0,217.40356907021487,217.40357090988346,4.221290602682825e-9,7.70189592923874e-7,2.6816513831739996e-7,0.0,0.0,5.344406065501689e-10,1.1865714084840706e-9,0.0,0.0,22.0,106.8193762949089,10.080102176433263
"mirror-prox,1e-8,mittelmann_pdhg_mp_1h",mirror-prox,1e-8,mittelmann_pdhg_mp_1h,self,TERMINATION_REASON_OPTIMAL,1880,27.821211659,3874.0,0.0,-9.283913586052465e-12,9.283913585966273e-12,6.772982065738601e-9,2.2402296697386637e-9,0.0,0.0,6.772982065738601e-9,2.2402296697386637e-9,0.0,0.0,0.0011733161004357296,0.005623238829946122,4.718787711892217e-10
"mirror-prox,1e-8,mittelmann_pdhg_mp_1h",mirror-prox,1e-8,mittelmann_pdhg_mp_1h,support10,TERMINATION_REASON_OPTIMAL,31880,460.39442556,65374.0,3.3839236621604862,3.3839235859279966,9.813850249555217e-9,1.8164601080621396e-8,8.146743661618938e-9,0.0,0.0,6.613037270772087e-11,4.073371830809469e-9,0.0,0.0,1.0000000000000004,33.90680408989934,0.3515264269994308
