experiment_label,tolerance,experiment_name,instance_name,termination_reason,iteration_count,solve_time_sec,cumulative_kkt_matrix_passes,primal_objective,dual_objective,relative_optimality_gap,l2_primal_residual,l_inf_primal_residual,l2_dual_residual,l_inf_dual_residual,relative_l2_primal_residual,relative_l_inf_primal_residual,relative_l2_dual_residual,relative_l_inf_dual_residual,l_inf_primal_variable,l2_primal_variable,l_inf_dual_variable
"1e-4,netlib_pdhg_enhanced_100k",1e-4,netlib_pdhg_enhanced_100k,25fv47,TERMINATION_REASON_OPTIMAL,8880,1.991742031,9356.5,5498.584471106579,5498.138722766275,4.053096558679044e-5,0.4516745295734904,0.2285528868681581,1.3507239479959576e-5,1.3507239479959576e-5,7.6133181374553e-5,0.00011421933376719545,6.91622554560146e-8,1.337363684784956e-7,694.2707462357431,1534.5928385333314,107.81638177619038
"1e-4,netlib_pdhg_enhanced_100k",1e-4,netlib_pdhg_enhanced_100k,80bau3b,TERMINATION_REASON_OPTIMAL,10160,6.048694457,10805.5,987235.8365788839,987039.7834475357,9.930378010838069e-5,0.0003518406648926084,0.00015244486372946843,0.014403557249459714,0.008296115544090987,2.2263327610388665e-8,1.9233518007755292e-8,6.01876091344987e-6,7.386901045033368e-5,9442.19999999998,21948.693922689155,116.06738607689965
"1e-4,netlib_pdhg_enhanced_100k",1e-4,netlib_pdhg_enhanced_100k,adlittle,TERMINATION_REASON_OPTIMAL,1640,0.19065994,1773.5,225287.49644399792,225245.83866608978,9.246304812254249e-5,0.17827382393505228,0.08995939279912513,0.0,0.0,9.864853202337865e-5,7.638987039125057e-5,0.0,0.0,313.2733795407296,526.0580132796194,3309.999561832761
"1e-4,netlib_pdhg_enhanced_100k",1e-4,netlib_pdhg_enhanced_100k,afiro,TERMINATION_REASON_OPTIMAL,280,0.107284076,322.5,-464.7526068293249,-464.7604554249103,8.434696839552374e-6,0.0006935633822865026,0.0006532480177838806,0.0,0.0,2.2798873330171423e-6,2.1702591952952847e-6,0.0,0.0,500.00000000000006,775.9234710873753,0.9425534647937137
"1e-4,netlib_pdhg_enhanced_100k",1e-4,netlib_pdhg_enhanced_100k,agg2,TERMINATION_REASON_OPTIMAL,1720,0.423130675,1871.5,-2.0237921190683216e7,-2.024186027651768e7,9.730995559715766e-5,264.7846215099117,242.01271693373565,0.0,0.0,8.849092080673728e-5,0.00017286610290545196,0.0,0.0,342922.54000702605,797657.1486366234,3816.185430921206
"1e-4,netlib_pdhg_enhanced_100k",1e-4,netlib_pdhg_enhanced_100k,agg3,TERMINATION_REASON_OPTIMAL,2160,0.261270897,2342.5,1.0312989366435066e7,1.0312092255676148e7,4.349610497829737e-5,299.4040127877676,299.08659846456794,0.0,0.0,9.990790770467266e-5,0.00021363313202245424,0.0,0.0,413300.12532957114,874419.4058580563,3816.1850949715936
"1e-4,netlib_pdhg_enhanced_100k",1e-4,netlib_pdhg_enhanced_100k,agg,TERMINATION_REASON_OPTIMAL,62480,1.832520422,65721.5,-3.599002973031346e7,-3.5997051692222714e7,9.754474932100584e-5,6.673685548430067,5.12307412608061,0.0,0.0,3.8972159593837285e-6,3.936538452025033e-6,0.0,0.0,1.9131886371268746e6,3.1527491120346743e6,186530.44899302637
"1e-4,netlib_pdhg_enhanced_100k",1e-4,netlib_pdhg_enhanced_100k,bandm,TERMINATION_REASON_OPTIMAL,3960,0.306083227,4207.5,-158.63262406761714,-158.62998787820533,8.283063460390107e-6,0.016974136655304017,0.007420095631921697,0.0,0.0,1.2740517573777568e-5,6.469307465482589e-6,0.0,0.0,28.25154816644546,71.98391019751547,18.173390434082684
"1e-4,netlib_pdhg_enhanced_100k",1e-4,netlib_pdhg_enhanced_100k,beaconfd,TERMINATION_REASON_OPTIMAL,372,0.114969172,414.5,33592.4858072,33592.4858072,0.0,7.105427357601002e-15,7.105427357601002e-15,0.0,0.0,5.269727543080786e-18,6.338472219090992e-18,0.0,0.0,1120.0,1347.7210393846347,4.1506401989137345
"1e-4,netlib_pdhg_enhanced_100k",1e-4,netlib_pdhg_enhanced_100k,blend,TERMINATION_REASON_OPTIMAL,1800,0.172406443,1919.5,-30.810377185201922,-30.813293476532582,4.656851474600524e-5,0.0008658984840372767,0.000636438065635403,3.12446847505754e-7,3.12446847505754e-7,2.861526105293897e-5,2.6234050520832767e-5,1.650144646330714e-8,4.9126862815370124e-8,21.71267061394622,37.484487316627074,5.862939974678061
"1e-4,netlib_pdhg_enhanced_100k",1e-4,netlib_pdhg_enhanced_100k,bnl1,TERMINATION_REASON_KKT_MATRIX_PASS_LIMIT,95120,8.671689908,100003.5,1995.3402956594048,-5709.943381277088,0.9998702357657826,0.021867132229210554,0.013129047669492744,0.0,0.0,5.248688034367163e-5,4.606683392804472e-5,0.0,0.0,1240.0959730523477,2876.4548780163204,15708.697548041624
"1e-4,netlib_pdhg_enhanced_100k",1e-4,netlib_pdhg_enhanced_100k,bnl2,TERMINATION_REASON_KKT_MATRIX_PASS_LIMIT,94680,19.64129347,100032.5,1811.425021050047,1808.8182487579447,0.0007198556125284827,0.01030769330689782,0.009629768700669672,0.0,0.0,2.1786202667699735e-6,3.319465253591752e-6,0.0,0.0,2119.698694431384,4637.355431907888,38.320184249162814
"1e-4,netlib_pdhg_enhanced_100k",1e-4,netlib_pdhg_enhanced_100k,boeing1,TERMINATION_REASON_OPTIMAL,21040,1.414863766,22116.5,-335.21992716648316,-335.2154487509872,6.6699129306875015e-6,0.172114768875508,0.1721141919161937,0.0,0.0,9.951917127048492e-5,0.0001014067416858155,0.0,0.0,2951.999999999984,5440.015615352494,33.400972095808854
"1e-4,netlib_pdhg_enhanced_100k",1e-4,netlib_pdhg_enhanced_100k,boeing2,TERMINATION_REASON_OPTIMAL,4840,0.369354762,5148.5,-315.01449550898946,-315.0447829344553,4.799458070021256e-5,0.008782505089681732,0.008566901738078059,0.0,0.0,9.310844226620843e-7,9.082805065816432e-7,0.0,0.0,2742.9999999999986,4681.301581444508,13.213674508295105
"1e-4,netlib_pdhg_enhanced_100k",1e-4,netlib_pdhg_enhanced_100k,bore3d,TERMINATION_REASON_OPTIMAL,8800,0.252754707,9367.5,1395.4035157634626,1395.292244504185,3.9857946149165174e-5,0.7816729365184779,0.677493752465125,0.003216187455603322,0.0032161874555532485,7.214652855815488e-5,6.603954028624155e-5,2.8532616716257984e-6,6.05416394117778e-6,5175.575178155833,6455.723386752393,299.06478057314257
"1e-4,netlib_pdhg_enhanced_100k",1e-4,netlib_pdhg_enhanced_100k,brandy,TERMINATION_REASON_OPTIMAL,16000,0.668111133,16954.5,1518.4875800352515,1518.3873204706172,3.300319069020104e-5,0.05037219890204169,0.041835905835831966,0.001868760864950925,0.0018684045823973428,9.712092144701673e-5,0.00013818559423332667,1.2677471666513308e-5,3.663538396857535e-5,65.59910829319665,151.05506140762975,49.35629745741082
"1e-4,netlib_pdhg_enhanced_100k",1e-4,netlib_pdhg_enhanced_100k,capri,TERMINATION_REASON_OPTIMAL,35920,1.488748063,37983.5,2690.284778013971,2690.7891176881803,9.370731134184993e-5,0.0042731277934275474,0.0022742335791008372,0.0003626056686178238,0.00022462772876696846,6.370921339154581e-7,6.411819199051919e-7,1.6797225371720238e-6,2.2331864306949645e-6,2177.205066824005,5351.60341979668,417.4423416121626
"1e-4,netlib_pdhg_enhanced_100k",1e-4,netlib_pdhg_enhanced_100k,cre-a,TERMINATION_REASON_OPTIMAL,6040,2.391848977,6421.5,2.359774189086712e7,2.359316925773743e7,9.68964769167967e-5,0.36370711696358443,0.18317300900022437,0.0,0.0,7.3013448539489e-5,5.970437059981238e-5,0.0,0.0,1342.4425224505278,2466.9707502608017,177946.78099922324
"1e-4,netlib_pdhg_enhanced_100k",1e-4,netlib_pdhg_enhanced_100k,cre-b,TERMINATION_REASON_OPTIMAL,10960,23.704950048,11675.5,2.3129741423991777e7,2.312539204581585e7,9.403017039685524e-5,0.004136108345030867,0.0015306734948268286,0.0,0.0,7.842510757079042e-7,4.989157414689793e-7,0.0,0.0,1213.1268503020342,2480.8484067500335,177947.0050663726
"1e-4,netlib_pdhg_enhanced_100k",1e-4,netlib_pdhg_enhanced_100k,cre-c,TERMINATION_REASON_OPTIMAL,26680,7.18235433,28258.5,2.5279396799583547e7,2.5274883325147633e7,8.927976692573942e-5,0.011731421290630475,0.004464987354382555,0.0,0.0,2.3721874589732527e-6,1.4553413801768432e-6,0.0,0.0,2159.000000000001,2992.7630017984866,185297.41037238724
"1e-4,netlib_pdhg_enhanced_100k",1e-4,netlib_pdhg_enhanced_100k,cre-d,TERMINATION_REASON_OPTIMAL,12360,20.716011516,13064.5,2.4457522490619235e7,2.4454657361610424e7,5.857700390556927e-5,0.5034462585853058,0.24791917155931875,0.0,0.0,9.607754251364316e-5,8.080807417187704e-5,0.0,0.0,1494.1178573536695,2511.462731766273,110277.05946764402
"1e-4,netlib_pdhg_enhanced_100k",1e-4,netlib_pdhg_enhanced_100k,cycle,TERMINATION_REASON_OPTIMAL,13920,2.598402713,14652.5,-5.227103229871286,-5.2278608050520825,6.613509902665633e-5,0.010184957732171892,0.009792649399159359,3.628566280706069e-9,2.5709241282844576e-9,1.2603852154407345e-5,2.0066904506474095e-5,2.534552583075772e-10,1.2854620641422288e-9,16899.129319009844,25128.740246249137,1.0
"1e-4,netlib_pdhg_enhanced_100k",1e-4,netlib_pdhg_enhanced_100k,czprob,TERMINATION_REASON_OPTIMAL,3080,0.795352463,3262.5,2.18449619513529e6,2.184214419872693e6,6.449848088599506e-5,0.06966929827750379,0.03640797150793418,0.0,0.0,1.9072304077767245e-5,2.3764994456876094e-5,0.0,0.0,1467.0000000000014,3565.043329074847,6113.729499484626
"1e-4,netlib_pdhg_enhanced_100k",1e-4,netlib_pdhg_enhanced_100k,d2q06c,TERMINATION_REASON_OPTIMAL,90440,42.268101169,95228.5,122784.35893155902,122759.82737830529,9.990647188977158e-5,0.01821010042261358,0.009623779665957954,0.00024012116377145531,0.0002174612143690524,3.6041277567299096e-7,1.971944717595817e-7,3.313859199678177e-7,3.862592483298677e-6,133401.2653061022,133568.11209317527,867.3676158461006
"1e-4,netlib_pdhg_enhanced_100k",1e-4,netlib_pdhg_enhanced_100k,d6cube,TERMINATION_REASON_OPTIMAL,13040,9.248285667,13745.5,315.49145577871815,315.43532967583263,8.881741394320262e-5,0.0009379416159104285,0.0005022812022161816,0.0,0.0,7.054167486803559e-8,4.35970143404376e-8,0.0,0.0,24.880427056996826,58.75561171120915,2.2005558072987776
"1e-4,netlib_pdhg_enhanced_100k",1e-4,netlib_pdhg_enhanced_100k,degen2,TERMINATION_REASON_OPTIMAL,1360,0.35731482,1455.5,-1435.1566303463244,-1435.219252122484,2.1808978943498206e-5,0.0033440574108655604,0.0012858622366254124,0.0,0.0,8.309696659069387e-5,4.434007712501422e-5,0.0,0.0,3.9990130681313225,12.80491189008694,38.220889407050315
"1e-4,netlib_pdhg_enhanced_100k",1e-4,netlib_pdhg_enhanced_100k,degen3,TERMINATION_REASON_OPTIMAL,5200,1.422907816,5505.5,-987.3194174370793,-987.3084254745894,5.563781928546297e-6,0.012377752741044162,0.007947216854137906,0.0,0.0,9.829231608862581e-5,0.00016908972030080653,0.0,0.0,9.822160403840119,25.390915764564998,8.58766968131489
"1e-4,netlib_pdhg_enhanced_100k",1e-4,netlib_pdhg_enhanced_100k,dfl001,TERMINATION_REASON_DUAL_INFEASIBLE,1,0.14954441,5.5,-9.547070309317053e10,-5.782861813091954e11,0.7166019218394688,1108.0358015900604,267.91132024355875,1.0221495624623029e8,1.9769714162929773e7,0.8630814563348157,1.326293664572073,0.09994986942516738,0.32925352960598053,20.424150641288755,160.50834110827495,4.1825998237865806e7
"1e-4,netlib_pdhg_enhanced_100k",1e-4,netlib_pdhg_enhanced_100k,e226,TERMINATION_REASON_OPTIMAL,6880,0.530782042,7401.5,-11.655829849684103,-11.657787311673273,8.050887600059144e-5,0.019972632966008465,0.018244104074330636,0.00018291420732863273,0.00018291420732863273,9.788108617944831e-5,0.00011130203336155484,3.898525411217685e-6,6.073594941232247e-6,103.27860180367705,156.17069007756365,29.116227381781915
"1e-4,netlib_pdhg_enhanced_100k",1e-4,netlib_pdhg_enhanced_100k,etamacro,TERMINATION_REASON_OPTIMAL,1720,0.350532944,1848.5,-756.4252325620648,-756.5446681204526,7.888899134250057e-5,0.35324307593863413,0.1333132797475587,0.0,0.0,7.820147950528217e-5,0.00010720534714632089,0.0,0.0,60.76908945422695,236.6137717783391,52.328021796780405
"1e-4,netlib_pdhg_enhanced_100k",1e-4,netlib_pdhg_enhanced_100k,fffff800,TERMINATION_REASON_OPTIMAL,10960,0.988874608,11612.5,555684.604090876,555592.5314155368,8.285295318729664e-5,0.10820265506092314,0.05187354650115594,1.4184646954261444e-8,9.028515747005502e-9,4.7482867246010467e-7,2.368644264302267e-7,6.871803056754359e-14,7.250896456521072e-14,246944.06359486398,247686.57907177013,113250.29289781029
"1e-4,netlib_pdhg_enhanced_100k",1e-4,netlib_pdhg_enhanced_100k,finnis,TERMINATION_REASON_OPTIMAL,4000,0.540276753,4270.5,172555.13851530617,172534.60972414433,5.94880948462625e-5,0.27144793260631567,0.270999999999991,0.0,0.0,2.5643233037761477e-5,5.4549114331721224e-5,0.0,0.0,3866.984797122586,9456.36770964414,302.9425671265158
"1e-4,netlib_pdhg_enhanced_100k",1e-4,netlib_pdhg_enhanced_100k,fit1d,TERMINATION_REASON_OPTIMAL,3320,0.618116096,3531.5,-9146.3778210175,-9146.378122149743,1.646093034803805e-8,8.430718794253746e-5,7.915756066267932e-5,0.0,0.0,8.430718794253746e-5,7.915756066267932e-5,0.0,0.0,3.0000000000000036,32.55026055000285,37.844798783728244
"1e-4,netlib_pdhg_enhanced_100k",1e-4,netlib_pdhg_enhanced_100k,fit1p,TERMINATION_REASON_OPTIMAL,1200,0.498032055,1281.5,9146.492914261504,9144.950055161942,8.434407050717947e-5,0.05150492820366558,0.032347367146131845,1.0405352981814764,1.0263673475856194,6.015919912424494e-5,0.00014906620804669052,8.444452932968474e-6,1.1444774170223232e-5,52.25147384288703,242.6107013462159,3.0006669162000077
"1e-4,netlib_pdhg_enhanced_100k",1e-4,netlib_pdhg_enhanced_100k,fit2d,TERMINATION_REASON_OPTIMAL,4880,4.994985864,5233.5,-68464.29311554288,-68464.29329686103,1.3241706855660683e-9,7.652934153868655e-5,6.887172088276827e-5,0.0,0.0,7.652934153868655e-5,6.887172088276827e-5,0.0,0.0,4.000000000000001,63.67932177536713,8.50052981486457
"1e-4,netlib_pdhg_enhanced_100k",1e-4,netlib_pdhg_enhanced_100k,fit2p,TERMINATION_REASON_OPTIMAL,1560,2.301268305,1659.5,68463.84743973988,68460.03758772134,2.7824394504920156e-5,0.25487560602915676,0.19348823423203498,1.268594604175781,0.9686001075606328,9.986381335167872e-5,0.00011892331544685616,2.798676925292548e-6,2.88734011366518e-6,772.3500000000005,1225.034736661572,3.0003199915407803
"1e-4,netlib_pdhg_enhanced_100k",1e-4,netlib_pdhg_enhanced_100k,forplan,TERMINATION_REASON_OPTIMAL,70720,2.69867328,74289.5,-664.6671268694618,-664.792611957115,9.431708753842781e-5,0.005858988356451102,0.004668658216587573,0.0,0.0,2.0115955696141936e-6,1.6667826549759277e-6,0.0,0.0,2799.9999999999977,3643.086256244434,43.20035208372082
"1e-4,netlib_pdhg_enhanced_100k",1e-4,netlib_pdhg_enhanced_100k,ganges,TERMINATION_REASON_OPTIMAL,920,0.254406218,998.5,-111562.3257232346,-111564.59905367401,1.0188462254079098e-5,1.665815317519736,0.9648225085926967,0.0,0.0,7.162305390950397e-5,8.554945196932281e-5,0.0,0.0,15298.765117699302,41231.259185614486,18.70860597314097
"1e-4,netlib_pdhg_enhanced_100k",1e-4,netlib_pdhg_enhanced_100k,gfrd-pnc,TERMINATION_REASON_OPTIMAL,43920,2.872828493,46139.5,6.90226134952572e6,6.902271036000329e6,7.016879411038211e-7,0.8991715628377064,0.3056028601595244,0.0005805650907693283,0.00018993543542109026,9.983204923192277e-5,0.00027878385345696445,5.676008369068544e-10,2.0651375814378183e-9,69999.99999999972,168102.1096702986,56.22817027595906
"1e-4,netlib_pdhg_enhanced_100k",1e-4,netlib_pdhg_enhanced_100k,greenbea,TERMINATION_REASON_KKT_MATRIX_PASS_LIMIT,95120,29.15923204,100005.5,-7.772138604322335e7,-7.459111260015588e7,0.020551651705517423,379.1419536637016,325.20235615427373,2.50110191486997,1.3779164141327405,0.024887281764335255,0.027200650615633894,0.0014809745832139248,0.00398152591257322,902418.9264040043,1.5112283230717608e6,1.669571085916566e6
"1e-4,netlib_pdhg_enhanced_100k",1e-4,netlib_pdhg_enhanced_100k,greenbeb,TERMINATION_REASON_OPTIMAL,82600,26.579528532,87268.5,-4.30748644206523e6,-4.307251176203845e6,2.7309692355104982e-5,0.7639922992558282,0.47326255186402477,1.3363307587351496e-5,1.3050805765323081e-5,9.995165301503596e-5,0.00013805792061377618,2.840312485283876e-9,5.528119318207294e-9,190854.3366460252,212682.42529078273,4565.596305997757
"1e-4,netlib_pdhg_enhanced_100k",1e-4,netlib_pdhg_enhanced_100k,grow15,TERMINATION_REASON_OPTIMAL,12280,1.643121411,12915.5,-1.0687094128962603e8,-1.0687095182531385e8,4.9291636825571004e-8,8.187805949926653e-5,5.619423291136627e-5,0.0,0.0,8.187805949926653e-5,5.619423291136627e-5,0.0,0.0,1.1444994183448975e6,6.154937700678022e6,85.6738789383544
"1e-4,netlib_pdhg_enhanced_100k",1e-4,netlib_pdhg_enhanced_100k,grow22,TERMINATION_REASON_OPTIMAL,8920,1.371781417,9386.5,-1.6083433648478085e8,-1.6083434116559085e8,1.4551649927845172e-8,6.610672263505745e-5,2.001977918553166e-5,0.0,0.0,6.610672263505745e-5,2.001977918553166e-5,0.0,0.0,1.1667223439087113e6,7.521052140522612e6,85.6738782254309
"1e-4,netlib_pdhg_enhanced_100k",1e-4,netlib_pdhg_enhanced_100k,grow7,TERMINATION_REASON_OPTIMAL,4720,0.499356604,4978.5,-4.778781180209146e7,-4.7787812021830216e7,2.2991087895607312e-9,8.169143814833444e-5,4.9588907586439746e-5,0.0,0.0,8.169143814833444e-5,4.9588907586439746e-5,0.0,0.0,1.1454985468721576e6,4.3024204145739265e6,85.6738867795371
"1e-4,netlib_pdhg_enhanced_100k",1e-4,netlib_pdhg_enhanced_100k,israel,TERMINATION_REASON_OPTIMAL,4280,0.407435456,4627.5,-896804.4439101429,-896673.6472443677,7.292901624569632e-5,97.9610169687068,69.31936551031198,0.0,0.0,9.580629149710144e-5,7.559355498010578e-5,0.0,0.0,10408.16033137716,24263.544601236128,365.576491589576
"1e-4,netlib_pdhg_enhanced_100k",1e-4,netlib_pdhg_enhanced_100k,kb2,TERMINATION_REASON_OPTIMAL,9280,0.303019901,9951.5,-1749.8996714433388,-1749.9066543638585,1.994660620962445e-6,0.00330056680536354,0.0030632921452706796,0.0,0.0,6.447724152404307e-5,8.50914484797411e-5,0.0,0.0,6262.654052577539,9718.496579368148,17.270796862771526
"1e-4,netlib_pdhg_enhanced_100k",1e-4,netlib_pdhg_enhanced_100k,ken-07,TERMINATION_REASON_OPTIMAL,960,0.404895402,1031.5,-6.79523293458926e8,-6.795635960591948e8,2.96541748360742e-5,0.1521347094295931,0.07128300813374011,0.0,0.0,4.151932413244183e-5,4.619767215407654e-5,0.0,0.0,10194.999999999996,20412.185807255228,19416.037142445024
"1e-4,netlib_pdhg_enhanced_100k",1e-4,netlib_pdhg_enhanced_100k,ken-11,TERMINATION_REASON_OPTIMAL,1520,1.462406766,1623.5,-6.97244225811478e9,-6.972579365009979e9,9.831960028059644e-6,1.7875970121787437,1.3126115525255955,0.0,0.0,7.87322229770129e-5,0.0002442068004698782,0.0,0.0,58724.99999999998,166121.87787574352,31425.607979823413
"1e-4,netlib_pdhg_enhanced_100k",1e-4,netlib_pdhg_enhanced_100k,ken-13,TERMINATION_REASON_OPTIMAL,1520,2.976473608,1618.5,-1.0257521462252535e10,-1.0257838388250534e10,1.5448230023416898e-5,4.898410136929936,1.3943698646762641,0.0,0.0,8.80373527055478e-5,0.00015821739074960446,0.0,0.0,8084.836065501808,21267.640221506663,31788.987596025778
"1e-4,netlib_pdhg_enhanced_100k",1e-4,netlib_pdhg_enhanced_100k,ken-18,TERMINATION_REASON_OPTIMAL,1680,13.410507294,1788.5,-5.221803533014005e10,-5.221750526226936e10,5.075550599704971e-6,20.189444081772827,9.490025242776028,0.0,0.0,9.610262945759788e-5,0.00040612938086943243,0.0,0.0,22957.16003681676,72215.35853881962,42218.55485897468
"1e-4,netlib_pdhg_enhanced_100k",1e-4,netlib_pdhg_enhanced_100k,lotfi,TERMINATION_REASON_KKT_MATRIX_PASS_LIMIT,94720,3.684735561,100039.5,-25.267417402958415,-25.28662497451324,0.00037257159029724797,0.004517989422285194,0.0031922945097448974,0.0,0.0,1.1064943776685447e-7,1.4927727424572818e-7,0.0,0.0,13905.025343627913,34981.2305854238,0.7628583897481162
"1e-4,netlib_pdhg_enhanced_100k",1e-4,netlib_pdhg_enhanced_100k,maros-r7,TERMINATION_REASON_OPTIMAL,3960,4.082469151,4181.5,1.4971851331600212e6,1.4968906221618631e6,9.836454514218195e-5,0.1802919886100556,0.1463603804174909,0.0,0.0,4.3569524618154333e-7,4.6598229939664075e-6,0.0,0.0,14134.65322613422,145948.22604303344,2.0001188324630697
"1e-4,netlib_pdhg_enhanced_100k",1e-4,netlib_pdhg_enhanced_100k,maros,TERMINATION_REASON_OPTIMAL,35760,3.390581288,38011.5,-58063.40094337857,-58074.80225726705,9.816938272588798e-5,0.6526274990065584,0.5593514315464247,0.0,0.0,6.482293442477114e-5,7.476960721112482e-5,0.0,0.0,37279.04176504281,46016.08211823115,819.539615808912
"1e-4,netlib_pdhg_enhanced_100k",1e-4,netlib_pdhg_enhanced_100k,modszk1,TERMINATION_REASON_OPTIMAL,21280,1.603056172,22418.5,320.61970084614586,320.6688774176873,7.656460539029784e-5,7.629305902621711e-8,5.992978913127445e-8,8.999847431430701e-7,5.574605594915738e-7,2.5273726770565447e-13,4.3239448492187185e-13,5.454888579663918e-11,7.580433882946745e-11,687208.9053204119,852516.890745178,3949.5793296010283
"1e-4,netlib_pdhg_enhanced_100k",1e-4,netlib_pdhg_enhanced_100k,nesm,TERMINATION_REASON_OPTIMAL,8640,2.060436745,9095.5,1.4075925965400672e7,1.4075617629671877e7,1.0952710880677762e-5,2.478076661527353,1.1133780241014115,0.0,0.0,9.722329843140246e-5,0.0001923777617875021,0.0,0.0,2830.8866425769056,14575.587208826462,2376.2861300889213
"1e-4,netlib_pdhg_enhanced_100k",1e-4,netlib_pdhg_enhanced_100k,osa-07,TERMINATION_REASON_OPTIMAL,480,1.741403864,552.5,535817.2131042215,535718.4852832482,9.213666794784951e-5,0.017284109236743513,0.01707809633552415,0.0,0.0,2.272644284497897e-5,2.5097626151708476e-5,0.0,0.0,1.0000000000000004,18.68459437281992,7143.968380723163
"1e-4,netlib_pdhg_enhanced_100k",1e-4,netlib_pdhg_enhanced_100k,osa-14,TERMINATION_REASON_OPTIMAL,840,5.701832872,941.5,1.1065350935610153e6,1.1064620109705525e6,3.302424449131753e-5,0.14734454161906507,0.1473301502327331,0.0,0.0,9.541629629138647e-5,0.00010833630607672679,0.0,0.0,1.0000000000000016,27.362618376883077,6975.872424321127
"1e-4,netlib_pdhg_enhanced_100k",1e-4,netlib_pdhg_enhanced_100k,osa-30,TERMINATION_REASON_OPTIMAL,520,7.567355267,596.5,2.14177633192595e6,2.1420643584902547e6,6.723557617665678e-5,0.1897019218783696,0.18908456710619248,0.0,0.0,5.840127565472266e-5,6.491059632893666e-5,0.0,0.0,1.000000000000001,38.4083413095211,7468.904735393116
"1e-4,netlib_pdhg_enhanced_100k",1e-4,netlib_pdhg_enhanced_100k,osa-60,TERMINATION_REASON_OPTIMAL,1560,42.21520032,1737.5,4.044128337286317e6,4.0440595818265644e6,8.500723763996924e-6,0.08486087325474828,0.0848397166050745,0.0,0.0,1.3117190092980184e-5,1.4564758215463433e-5,0.0,0.0,1.0000000000000004,52.24950122411477,7569.425063900175
"1e-4,netlib_pdhg_enhanced_100k",1e-4,netlib_pdhg_enhanced_100k,pds-02,TERMINATION_REASON_OPTIMAL,240,0.31475518,272.5,2.8858103401469177e10,2.885553320898619e10,4.453353893274336e-5,0.12686459003882308,0.03811613716470008,0.0,0.0,1.541905211888848e-5,1.0584875635851175e-5,0.0,0.0,1104.0000000000007,2172.92144333664,67480.5341219987
"1e-4,netlib_pdhg_enhanced_100k",1e-4,netlib_pdhg_enhanced_100k,pds-06,TERMINATION_REASON_OPTIMAL,2360,3.56886777,2501.5,2.7761246255541092e10,2.775746611888026e10,6.808761405109518e-5,1.1023796637433956,0.1933493548897358,0.0,0.0,6.340985910604645e-5,5.369323934733013e-5,0.0,0.0,1103.9999999999998,4323.367381093967,99359.71996770012
"1e-4,netlib_pdhg_enhanced_100k",1e-4,netlib_pdhg_enhanced_100k,pds-10,TERMINATION_REASON_OPTIMAL,1800,4.691208351,1912.5,2.6726375362393467e10,2.6726040760999043e10,6.259799251090284e-6,2.118885436970806,0.312278309470571,0.0,0.0,9.001804025430002e-5,8.671988599571536e-5,0.0,0.0,1104.0,5857.830749626049,99362.26939698368
"1e-4,netlib_pdhg_enhanced_100k",1e-4,netlib_pdhg_enhanced_100k,pds-20,TERMINATION_REASON_OPTIMAL,7120,37.279971504,7497.5,2.3820231825412823e10,2.3821320550729004e10,2.2852431582467654e-5,1.2172742748444496,0.2413168524342738,0.0,0.0,3.4993448513256166e-5,6.701384405283915e-5,0.0,0.0,4955.000000000002,11076.491806848962,99405.80086383724
"1e-4,netlib_pdhg_enhanced_100k",1e-4,netlib_pdhg_enhanced_100k,perold,TERMINATION_REASON_KKT_MATRIX_PASS_LIMIT,95080,10.553206193,100028.5,-9423.501054997281,-10951.204215970036,0.07497670096109653,6.76902690166603,5.2727484246000245,0.29878719363983486,0.16895582735523423,2.3961861203981338e-5,3.173013002346066e-5,0.08081079631716233,0.08366183431479346,85050.116920884,264055.40452538774,285.6209332140084
"1e-4,netlib_pdhg_enhanced_100k",1e-4,netlib_pdhg_enhanced_100k,pilot.ja,TERMINATION_REASON_KKT_MATRIX_PASS_LIMIT,95120,12.5123869,100024.5,-6057.915101562996,-7181.513839829112,0.0848612037600634,38.12816512972851,26.460645483888456,0.005502043869104048,0.0030417433372109154,7.232305307655965e-5,5.5802294007389213e-5,0.0017932345271505822,0.0013260792467700425,99798.20632970589,230310.7430340186,138.86376732388015
"1e-4,netlib_pdhg_enhanced_100k",1e-4,netlib_pdhg_enhanced_100k,pilot.we,TERMINATION_REASON_KKT_MATRIX_PASS_LIMIT,94800,17.020296726,100023.5,-2.7618213622577293e6,-2.767983619239125e6,0.0011143712821055612,23.316357565913805,16.42444382846925,0.0,0.0,0.0012311722809255487,0.0009175154364822776,0.0,0.0,124746.52191759115,380253.180995178,14901.972156025182
"1e-4,netlib_pdhg_enhanced_100k",1e-4,netlib_pdhg_enhanced_100k,pilot4,TERMINATION_REASON_KKT_MATRIX_PASS_LIMIT,94840,7.386809462,100015.5,-2561.120716038015,-2935.3854860765587,0.06807900824097037,14.095990285338164,9.953870336418163,0.18312208381870332,0.11759171392146861,0.00014140406083013276,0.00025219539109670996,0.026579065485014385,0.02980887682486709,75697.7535480505,181847.8953890988,64.9262557852717
"1e-4,netlib_pdhg_enhanced_100k",1e-4,netlib_pdhg_enhanced_100k,pilot87,TERMINATION_REASON_KKT_MATRIX_PASS_LIMIT,94880,54.638964104,100040.5,301.73108274673416,297.33722741751166,0.007322258574227747,0.05213074398241717,0.040112456587417314,2.202104151064562e-9,1.3278711463726722e-9,6.088516402395043e-6,6.170197906078652e-6,1.736632394017142e-10,3.090760676431762e-10,18510.741758577708,50224.36926104152,10.628435280524938
"1e-4,netlib_pdhg_enhanced_100k",1e-4,netlib_pdhg_enhanced_100k,pilot,TERMINATION_REASON_KKT_MATRIX_PASS_LIMIT,95080,32.439808335,100027.5,-555.8085709344806,-560.3093017300754,0.0040288772615011716,0.10003297612328824,0.051411884527304164,0.0,0.0,1.2895156330890171e-5,8.567219551292144e-6,0.0,0.0,4839.911068898579,14979.432122438846,14.492752148683355
"1e-4,netlib_pdhg_enhanced_100k",1e-4,netlib_pdhg_enhanced_100k,pilotnov,TERMINATION_REASON_OPTIMAL,15720,2.955183103,16542.5,-4497.276206798216,-4497.281805854692,6.224245864661491e-7,0.034997159377838025,0.011442993701621162,0.0,0.0,5.7467589786782005e-8,1.9311856304938298e-8,0.0,0.0,49086.78886311668,104502.52790132907,0.8900000000335502
"1e-4,netlib_pdhg_enhanced_100k",1e-4,netlib_pdhg_enhanced_100k,qap12,TERMINATION_REASON_OPTIMAL,3040,3.84078498,3213.5,522.8889438811873,522.7846052631804,9.968592221725504e-5,0.00037411483649779767,3.941725386590045e-5,0.0,0.0,6.34202640326489e-5,1.9708626932950224e-5,0.0,0.0,0.27569641929503874,2.0580650589833485,41.21656485284938
"1e-4,netlib_pdhg_enhanced_100k",1e-4,netlib_pdhg_enhanced_100k,qap15,TERMINATION_REASON_OPTIMAL,4160,11.605518622,4390.5,1040.9985260614335,1040.7935026629254,9.843680774677095e-5,9.437005380828632e-5,8.126310115541546e-6,0.0,0.0,1.4569517876877963e-5,4.063155057770773e-6,0.0,0.0,0.251868077372797,2.2532263142372355,67.03123720540853
"1e-4,netlib_pdhg_enhanced_100k",1e-4,netlib_pdhg_enhanced_100k,qap8,TERMINATION_REASON_OPTIMAL,640,0.420065786,693.5,203.49969100234085,203.47083438956776,7.073210189725557e-5,6.641549607755861e-5,9.591333368787203e-6,0.0,0.0,1.3283099215511722e-5,4.795666684393601e-6,0.0,0.0,0.1875049786507543,1.7457470514889706,27.32971095923898
"1e-4,netlib_pdhg_enhanced_100k",1e-4,netlib_pdhg_enhanced_100k,recipe,TERMINATION_REASON_OPTIMAL,360,0.123998588,402.5,-266.6159996420824,-266.6160003134407,1.2566792956215354e-9,7.773820946618583e-6,6.330830705891799e-6,0.0,0.0,1.6834677210506031e-7,2.1102769019639329e-7,0.0,0.0,19.999999999999993,38.44476567641907,2.000105920471756
"1e-4,netlib_pdhg_enhanced_100k",1e-4,netlib_pdhg_enhanced_100k,sc105,TERMINATION_REASON_OPTIMAL,1160,0.128682492,1250.5,-52.203713349037045,-52.209761326517075,5.737385565407699e-5,0.01515867991840455,0.008878630863250692,1.3947952127762826e-6,1.3652507376941958e-6,2.1407336183115953e-5,4.417229285199349e-5,8.91542636781642e-7,8.726580299406247e-7,708.9066258532198,1417.1200493295016,0.21922253066941
"1e-4,netlib_pdhg_enhanced_100k",1e-4,netlib_pdhg_enhanced_100k,sc205,TERMINATION_REASON_OPTIMAL,3040,0.294322919,3278.5,-52.198259130490136,-52.2037841641374,5.241865787955147e-5,0.004759796430357307,0.0043280843624415866,5.155374172868716e-8,3.06955191648698e-8,4.878442921049909e-6,2.1532758022097446e-5,2.8226256783579856e-8,1.6806143977145914e-8,2380.1964325526574,5341.495692461398,0.1643913718972843
"1e-4,netlib_pdhg_enhanced_100k",1e-4,netlib_pdhg_enhanced_100k,sc50a,TERMINATION_REASON_OPTIMAL,280,0.162429207,314.5,-64.57692067509547,-64.58780155877035,8.359318475966775e-5,0.00997350933011911,0.006100333948552361,0.0,0.0,2.079810001712327e-5,3.567446753539392e-5,0.0,0.0,299.7034591108209,459.21212695400493,0.3143048292988457
"1e-4,netlib_pdhg_enhanced_100k",1e-4,netlib_pdhg_enhanced_100k,sc50b,TERMINATION_REASON_OPTIMAL,440,0.145076696,484.5,-69.99851992170187,-70.00135906697258,2.0135799343066496e-5,0.015759438839421464,0.007560403766547097,0.0,0.0,2.3457815508078048e-5,2.5117620486867433e-5,0.0,0.0,194.92494812179103,410.6404382009598,0.31640117023515546
"1e-4,netlib_pdhg_enhanced_100k",1e-4,netlib_pdhg_enhanced_100k,scagr25,TERMINATION_REASON_OPTIMAL,1560,0.219466239,1659.5,-1.4753615796410136e7,-1.475347484239095e7,4.7769539916229705e-6,0.21074423547454751,0.07715959067871836,0.0,0.0,3.458002353266668e-5,2.2883819890545705e-5,0.0,0.0,6900.0,46202.885528278865,809.0624340728151
"1e-4,netlib_pdhg_enhanced_100k",1e-4,netlib_pdhg_enhanced_100k,scagr7,TERMINATION_REASON_OPTIMAL,1520,0.216274352,1620.5,-2.3313514036500994e6,-2.3314225135198515e6,1.5250547370457042e-5,0.41330477956272244,0.17985974599001509,0.0,0.0,8.165534991598007e-5,5.334240366739036e-5,0.0,0.0,6900.000000000001,21134.426480766644,545.1933468354925
"1e-4,netlib_pdhg_enhanced_100k",1e-4,netlib_pdhg_enhanced_100k,scfxm1,TERMINATION_REASON_OPTIMAL,12200,0.812265195,12956.5,18416.755738508273,18413.120406610185,9.870337821353024e-5,0.003733337237643181,0.003224868855600249,0.0,0.0,1.9415515330882033e-6,2.685153085429017e-6,0.0,0.0,13972.448348865171,19324.336405838338,182.10897289142764
"1e-4,netlib_pdhg_enhanced_100k",1e-4,netlib_pdhg_enhanced_100k,scfxm2,TERMINATION_REASON_OPTIMAL,24360,2.039854403,25678.5,36660.213203505984,36658.91227468944,1.7743134072078942e-5,0.2758350506192163,0.22909304952542442,1.7641621719022282e-8,1.7641621719022282e-8,6.537156779457215e-5,0.00011448928012265089,1.237672904070391e-10,2.6762980853518433e-10,13971.539395323558,26257.548531218945,181.0370580581631
"1e-4,netlib_pdhg_enhanced_100k",1e-4,netlib_pdhg_enhanced_100k,scfxm3,TERMINATION_REASON_OPTIMAL,29520,3.763022344,31113.5,54900.972491039414,54895.82553285709,4.687669766569975e-5,0.5516849465309092,0.47190397438727594,3.801755577015342e-9,3.801755577015342e-9,8.736270510945382e-5,0.00012133494063453332,2.590995668662056e-11,7.51547488127147e-11,13971.624806870588,31534.13207046692,181.64272185069984
"1e-4,netlib_pdhg_enhanced_100k",1e-4,netlib_pdhg_enhanced_100k,scorpion,TERMINATION_REASON_OPTIMAL,2800,0.220143525,3007.5,1878.1909434846732,1878.0290453517161,4.308987321426144e-5,0.00010570217301206304,8.294023768479208e-5,2.4310517118437884,2.430418447174816,2.4365634515195236e-5,3.393626746513588e-5,9.565460150317064e-5,0.00018561831356799053,1.0484244336899806,2.1673567933881905,441.18545589730917
"1e-4,netlib_pdhg_enhanced_100k",1e-4,netlib_pdhg_enhanced_100k,scrs8,TERMINATION_REASON_OPTIMAL,11560,1.085639589,12278.5,906.3562382807785,906.4637807054345,5.9290571021545616e-5,0.038016314680916,0.03015053133141521,0.01769261416329397,0.012235680669000555,9.638318466168426e-5,0.00010386788338455339,3.2298487190299055e-6,3.7390465165606357e-6,142.7918516556077,223.56117998961966,1501.1005132684008
"1e-4,netlib_pdhg_enhanced_100k",1e-4,netlib_pdhg_enhanced_100k,scsd1,TERMINATION_REASON_OPTIMAL,680,0.209826199,740.5,8.666798783198704,8.666701000882698,5.33353244921039e-6,2.6642044570564365e-5,1.317075694735187e-5,0.00039435501294023443,0.0002848439030054273,1.3321022285282183e-5,6.585378473675935e-6,5.109839579212984e-6,2.589490027322066e-5,0.5271259557481628,1.1632560724631131,8.666701000882698
"1e-4,netlib_pdhg_enhanced_100k",1e-4,netlib_pdhg_enhanced_100k,scsd6,TERMINATION_REASON_OPTIMAL,2000,0.482678312,2144.5,50.49968653822331,50.49968777367611,1.2112356648792913e-8,9.577024487452035e-5,2.1496762256959103e-5,0.005570312335715364,0.002289631521741775,3.2091214750224325e-5,1.0748381128479552e-5,6.029274447489451e-5,0.00023024627066354779,1.3367767616523996,3.9478445133954256,16.000028706161665
"1e-4,netlib_pdhg_enhanced_100k",1e-4,netlib_pdhg_enhanced_100k,scsd8,TERMINATION_REASON_OPTIMAL,15400,3.113481927,16221.5,904.9997437296106,905.0013668716169,8.962678138827143e-7,0.0012975687110842104,0.00015059772884628425,0.0005659021890163693,0.000173309640371766,9.371953152189762e-5,2.5099621474380707e-5,4.7355659581064555e-6,1.8743854698791078e-5,22.54957673997372,77.30688051540922,42.3333944462135
"1e-4,netlib_pdhg_enhanced_100k",1e-4,netlib_pdhg_enhanced_100k,sctap1,TERMINATION_REASON_OPTIMAL,560,0.201135753,617.5,1412.192814521937,1412.1038945174466,3.147280220368515e-5,0.0032735044657270598,0.0014722056707014985,0.00026362142996773965,0.0001903004345504833,2.9968575357753474e-5,3.590745538296338e-5,6.173176181260766e-7,2.349388080870164e-6,18.190137378002923,41.37771386628785,265.8510909541989
"1e-4,netlib_pdhg_enhanced_100k",1e-4,netlib_pdhg_enhanced_100k,sctap2,TERMINATION_REASON_OPTIMAL,680,0.38834645,773.5,1724.7505214699434,1724.7510570811048,1.5522704432214835e-7,0.011072722982989355,0.007453738297886758,1.5019220983545905e-5,5.277070717069066e-6,8.983078118232475e-5,0.0001461517313311129,1.7351702877003113e-8,6.514902119838353e-8,1.9560976266110488,7.8084419889479495,21.000879631540297
"1e-4,netlib_pdhg_enhanced_100k",1e-4,netlib_pdhg_enhanced_100k,sctap3,TERMINATION_REASON_OPTIMAL,440,0.393400441,502.5,1424.0172282460894,1423.9986356075644,6.52598631017439e-6,0.0003162478874829421,0.00015931617811304477,3.880767215454392e-6,2.7016500048215875e-6,2.9273347053302763e-6,3.1238466296675447e-6,4.2778962931328685e-9,3.3353703763229476e-8,1.5098372744279316,7.194621712464197,24.109459462597503
"1e-4,netlib_pdhg_enhanced_100k",1e-4,netlib_pdhg_enhanced_100k,seba,TERMINATION_REASON_OPTIMAL,16,0.10972495,40.5,15711.599999999999,15711.6,5.788498684281084e-17,0.0,0.0,0.0,0.0,0.0,0.0,0.0,0.0,50.0,53.65165421494476,161.22929190301036
"1e-4,netlib_pdhg_enhanced_100k",1e-4,netlib_pdhg_enhanced_100k,share1b,TERMINATION_REASON_OPTIMAL,9320,0.479719668,9985.5,-76650.09646357653,-76664.00780855719,9.073695019616827e-5,10.392286877877947,5.668649321363773,0.0014900487445882096,0.0012844756409364777,3.297108874020659e-5,3.633257884569115e-5,7.3911340375413785e-6,1.2717580603331462e-5,54518.50411124657,60539.8085480868,101.52182745430859
"1e-4,netlib_pdhg_enhanced_100k",1e-4,netlib_pdhg_enhanced_100k,share2b,TERMINATION_REASON_OPTIMAL,1720,0.219425502,1867.5,-415.79502514127057,-415.82397674691424,3.4771733023164435e-5,0.00568512367879447,0.0033584938215156512,0.0,0.0,4.733361778210395e-5,5.505727576255166e-5,0.0,0.0,58.12624808413535,99.63507435118542,34.47775216563218
"1e-4,netlib_pdhg_enhanced_100k",1e-4,netlib_pdhg_enhanced_100k,shell,TERMINATION_REASON_OPTIMAL,1400,0.400981251,1490.5,1.2088619202972836e9,1.2087791249929495e9,3.424631810467047e-5,29.4135134336901,19.0,0.13361133672482917,0.1317532816613891,9.946507912516863e-5,6.683057745136317e-5,1.4942179919205587e-5,3.6395934160604726e-5,284300.0,367052.1102529749,1082.5984866314723
"1e-4,netlib_pdhg_enhanced_100k",1e-4,netlib_pdhg_enhanced_100k,ship04l,TERMINATION_REASON_OPTIMAL,2600,0.575486048,2820.5,1.7933658165356494e6,1.7933218557712622e6,1.2256643495874378e-5,0.01096715053280674,0.0062061888208949645,0.005289463439414477,0.00384481667771297,7.115161111082191e-5,4.886762851098397e-5,1.8180089052060469e-7,5.21897200721185e-7,187.3834465946179,210.80439522318756,5866.761678922064
"1e-4,netlib_pdhg_enhanced_100k",1e-4,netlib_pdhg_enhanced_100k,ship04s,TERMINATION_REASON_OPTIMAL,9680,1.030505155,10326.5,1.7985096102082413e6,1.7986834293961343e6,4.832077057266097e-5,0.009566855023892115,0.002715611577546184,0.021463944439969306,0.010462296288636708,6.0868708662650514e-5,2.138276832713531e-5,8.567382595346071e-7,1.4201569551563333e-6,190.92061599490552,213.11816352955879,5742.020869452027
"1e-4,netlib_pdhg_enhanced_100k",1e-4,netlib_pdhg_enhanced_100k,ship08l,TERMINATION_REASON_OPTIMAL,2000,0.603295027,2151.5,1.9086866096763988e6,1.9088949075847608e6,5.456277825565901e-5,0.014063565130452876,0.011193136556835057,0.024509219283935943,0.013469025650636013,9.31900172851529e-5,8.813493351838627e-5,6.028939469561792e-7,1.6603828464787983e-6,71.19521856035938,135.52217830701645,21896.717242912437
"1e-4,netlib_pdhg_enhanced_100k",1e-4,netlib_pdhg_enhanced_100k,ship08s,TERMINATION_REASON_OPTIMAL,2120,0.450963867,2271.5,1.9197281958350092e6,1.9197814729103348e6,1.387600658575957e-5,0.01519603062966459,0.0040014721990044855,0.32049924443377426,0.3031829246643838,9.573856191587323e-5,3.150765511027154e-5,9.133599178789504e-6,3.7374620890579854e-5,71.72420994334094,132.93296327610986,26420.009952520548
"1e-4,netlib_pdhg_enhanced_100k",1e-4,netlib_pdhg_enhanced_100k,ship12l,TERMINATION_REASON_OPTIMAL,12200,3.586746545,12876.5,1.4702446897734907e6,1.470014467953009e6,7.829981298648139e-5,0.002567329989834227,0.0008583194657150323,0.0388014693132246,0.018225706919849927,4.6451174761102616e-5,2.7687724700484912e-5,2.1331004184917357e-6,3.2372481207548717e-6,135.94684076496867,226.410671567487,47520.06176600517
"1e-4,netlib_pdhg_enhanced_100k",1e-4,netlib_pdhg_enhanced_100k,ship12s,TERMINATION_REASON_OPTIMAL,10040,1.450981419,10589.5,1.4892002510565326e6,1.4892328124348135e6,1.093238177738818e-5,0.009653039421484046,0.00965272182047115,0.0001734606971643072,8.28527646490329e-5,9.655412331480772e-5,0.00026248003934380414,1.1573006990534059e-8,1.4716299227181688e-8,134.29403229308915,231.96753055450404,60365.59448139878
"1e-4,netlib_pdhg_enhanced_100k",1e-4,netlib_pdhg_enhanced_100k,sierra,TERMINATION_REASON_OPTIMAL,2120,0.466361256,2249.5,1.5394282657367492e7,1.539401516850584e7,8.688003944774746e-6,1.7180413305567395,0.7121169709734159,0.0,0.0,8.450045535793027e-6,7.120424913288228e-6,0.0,0.0,2078.590786201904,5001.995707082418,15580.60679623313
"1e-4,netlib_pdhg_enhanced_100k",1e-4,netlib_pdhg_enhanced_100k,stair,TERMINATION_REASON_OPTIMAL,12520,0.748566159,13171.5,-251.27553675591287,-251.32464398702945,9.751233814915117e-5,0.001250813200807807,0.001102995671525997,3.3695796956294713e-6,2.9340612519579423e-6,1.0406105030400919e-6,2.1152203225306906e-6,1.6847898478147356e-6,1.4670306259789712e-6,283.3934497295781,889.7128750648089,5.330428850549834
"1e-4,netlib_pdhg_enhanced_100k",1e-4,netlib_pdhg_enhanced_100k,standata,TERMINATION_REASON_OPTIMAL,480,0.218685754,525.5,1257.7271926030098,1257.487675063714,9.51896208760101e-5,0.0013574426653436896,0.0009400056014321478,0.0,0.0,6.462403119604545e-7,6.743225261349697e-7,0.0,0.0,10.00301537196175,46.45601074851574,24.400362812826373
"1e-4,netlib_pdhg_enhanced_100k",1e-4,netlib_pdhg_enhanced_100k,standgub,TERMINATION_REASON_OPTIMAL,480,0.201252515,525.5,1257.7859465647032,1257.626213785779,6.347639764299717e-5,0.005656246872806632,0.003917239184990429,0.0,0.0,2.692780208645072e-6,2.810071151356118e-6,0.0,0.0,10.012169602662365,46.46090761072582,24.400001140982514
"1e-4,netlib_pdhg_enhanced_100k",1e-4,netlib_pdhg_enhanced_100k,standmps,TERMINATION_REASON_OPTIMAL,520,0.248570603,566.5,1403.4348288651827,1403.2215768894737,7.59537296913938e-5,0.06790966014636861,0.027305069503911594,0.0,0.0,3.2343488930192874e-5,1.9587567793336867e-5,0.0,0.0,10.000791179818576,40.935556970093955,28.31098784142331
"1e-4,netlib_pdhg_enhanced_100k",1e-4,netlib_pdhg_enhanced_100k,stocfor1,TERMINATION_REASON_OPTIMAL,1440,0.125122623,1593.5,-41128.92366466149,-41133.820602459535,5.952729044456784e-5,0.0091034847704474,0.009103479548551618,0.0,0.0,7.378013489939412e-5,0.00011988986945852643,0.0,0.0,26.27685332943449,55.14881406294791,474.4448084706232
"1e-4,netlib_pdhg_enhanced_100k",1e-4,netlib_pdhg_enhanced_100k,stocfor2,TERMINATION_REASON_OPTIMAL,10200,1.467440285,10791.5,-39024.641052888684,-39032.33034793323,9.850749265649267e-5,0.015016413064490626,0.0075013364989899856,0.0,0.0,6.357910158878522e-5,8.156907124593571e-5,0.0,0.0,406.15529377566145,691.5924262552074,357.52280294699204
"1e-4,netlib_pdhg_enhanced_100k",1e-4,netlib_pdhg_enhanced_100k,stocfor3,TERMINATION_REASON_OPTIMAL,35200,27.069481008,37155.5,-39979.663349706774,-39978.17635253706,1.8597032864021873e-5,0.6076600316967937,0.3337942300549912,0.0,0.0,9.973657287405747e-5,0.00014159831116490644,0.0,0.0,734.4489431640473,3699.608026099337,329.01653873277684
"1e-4,netlib_pdhg_enhanced_100k",1e-4,netlib_pdhg_enhanced_100k,truss,TERMINATION_REASON_OPTIMAL,20120,11.963654916,21181.5,458739.6171733198,458817.39674682426,8.476801719834687e-5,0.008627850700822002,0.0028576561510258256,0.0023856966033686242,0.0008899707940273061,9.040777217286733e-5,0.00013607886433456313,1.3887060208142218e-6,2.157572951456182e-5,683.1652542549818,2015.363762243396,3904.8698680623734
"1e-4,netlib_pdhg_enhanced_100k",1e-4,netlib_pdhg_enhanced_100k,tuff,TERMINATION_REASON_OPTIMAL,80080,3.68208878,84190.5,0.29215630891681116,0.2921157214897834,2.56189759389783e-5,0.01446111139350538,0.014387666184006775,0.0,0.0,9.702364543844879e-5,0.00010579166311769688,0.0,0.0,4055.1634799115322,7119.322421092657,0.02218169764928723
"1e-4,netlib_pdhg_enhanced_100k",1e-4,netlib_pdhg_enhanced_100k,vtp.base,TERMINATION_REASON_OPTIMAL,600,0.135830333,657.5,129830.71634970348,129829.93990855697,2.9902033195496194e-6,0.01010876001237255,0.008801799161687995,0.0,0.0,1.4267097748345156e-6,1.8144298416178098e-6,0.0,0.0,1762.737534985117,1927.5383743138448,949.030338656462
"1e-4,netlib_pdhg_enhanced_100k",1e-4,netlib_pdhg_enhanced_100k,wood1p,TERMINATION_REASON_OPTIMAL,1800,0.617655503,1939.5,1.4429241059203355,1.4426320804512078,7.515667130279164e-5,0.0002192923096346211,0.00019375857727356015,0.0,0.0,9.483154789086225e-5,9.687928863678008e-5,0.0,0.0,0.4952335664310678,0.5667534845209824,4.6341377742432925
"1e-4,netlib_pdhg_enhanced_100k",1e-4,netlib_pdhg_enhanced_100k,woodw,TERMINATION_REASON_OPTIMAL,4840,1.395251266,5119.5,1.3045437789585237,1.304331037786043,5.894944637412157e-5,0.01015251325091872,0.004672811901530238,0.0,0.0,8.946397460613587e-5,9.091073738385678e-5,0.0,0.0,0.26605587406122516,0.5803759271420273,1.8776773909274236
"1e-8,netlib_pdhg_enhanced_100k",1e-8,netlib_pdhg_enhanced_100k,25fv47,TERMINATION_REASON_OPTIMAL,94480,16.154066318,99236.5,5501.845790043738,5501.845682351541,9.786026026427816e-9,3.8526384970249565e-6,2.8207315025952084e-6,0.0,0.0,6.493915557770283e-10,1.4096609208371856e-9,0.0,0.0,579.1515934925159,1523.7361251065656,107.3062858954913
"1e-8,netlib_pdhg_enhanced_100k",1e-8,netlib_pdhg_enhanced_100k,80bau3b,TERMINATION_REASON_KKT_MATRIX_PASS_LIMIT,95080,50.624235775,100018.5,987227.07413984,987214.935458614,6.147901543338531e-6,0.0004681268683212041,0.0003188917999900724,0.0002870142393903794,0.0001658309119543233,2.9621538590035766e-8,4.02336361329892e-8,1.1993357305613918e-7,1.4765663885753524e-6,9442.199999999988,21956.076117480778,116.05585136439646
"1e-8,netlib_pdhg_enhanced_100k",1e-8,netlib_pdhg_enhanced_100k,adlittle,TERMINATION_REASON_OPTIMAL,4400,0.283172211,4675.5,225494.9658876108,225494.96296572714,6.4788080428535355e-9,1.1811517439972519e-6,7.068379179742124e-7,0.0,0.0,6.535950319023389e-10,6.002181124347985e-10,0.0,0.0,313.19735312383676,528.9323897682452,3309.999999999858
"1e-8,netlib_pdhg_enhanced_100k",1e-8,netlib_pdhg_enhanced_100k,afiro,TERMINATION_REASON_OPTIMAL,480,0.106930817,532.5,-464.75314335126416,-464.75314349264085,1.519352315326199e-10,5.028314086027823e-7,4.974917828803882e-7,0.0,0.0,1.652911598846617e-9,1.652796620865077e-9,0.0,0.0,500.00000000000006,775.9240037526889,0.9428571164660324
"1e-8,netlib_pdhg_enhanced_100k",1e-8,netlib_pdhg_enhanced_100k,agg2,TERMINATION_REASON_OPTIMAL,13800,1.03910719,14649.5,-2.0239252357047215e7,-2.0239252400238745e7,1.067023819243978e-9,0.0022521427947695357,0.001908715559693519,0.0,0.0,7.526652739912041e-10,1.3633672830901686e-9,0.0,0.0,342922.53054776706,803906.7225713771,3816.185194613198
"1e-8,netlib_pdhg_enhanced_100k",1e-8,netlib_pdhg_enhanced_100k,agg3,TERMINATION_REASON_OPTIMAL,3440,0.392217291,3686.5,1.031211593777883e7,1.0312115934930053e7,1.381277033473262e-10,0.015263428771726492,0.015248126943333773,0.0,0.0,5.093242467873824e-9,1.0891511465587363e-8,0.0,0.0,413300.0000000001,874431.5788916366,3816.185194613532
"1e-8,netlib_pdhg_enhanced_100k",1e-8,netlib_pdhg_enhanced_100k,agg,TERMINATION_REASON_KKT_MATRIX_PASS_LIMIT,95160,2.656578431,100035.5,-3.5989788331257895e7,-3.599227582017303e7,3.455706515095028e-5,3.2933351482125564,3.293334223795682,0.0,0.0,1.9232009368845147e-6,2.5305776352800967e-6,0.0,0.0,1.9132094650652518e6,3.152762453773739e6,186643.3472355647
"1e-8,netlib_pdhg_enhanced_100k",1e-8,netlib_pdhg_enhanced_100k,bandm,TERMINATION_REASON_OPTIMAL,22440,1.024761074,23613.5,-158.6280264209617,-158.62802383559543,8.123541634979221e-9,5.921854863660001e-6,4.898814985665467e-6,0.0,0.0,4.4448502737984524e-9,4.271095944160471e-9,0.0,0.0,28.27619885916159,71.94966967216371,18.185226427430386
"1e-8,netlib_pdhg_enhanced_100k",1e-8,netlib_pdhg_enhanced_100k,beaconfd,TERMINATION_REASON_OPTIMAL,372,0.113885287,414.5,33592.4858072,33592.4858072,0.0,7.105427357601002e-15,7.105427357601002e-15,0.0,0.0,5.269727543080786e-18,6.338472219090992e-18,0.0,0.0,1120.0,1347.7210393846347,4.1506401989137345
"1e-8,netlib_pdhg_enhanced_100k",1e-8,netlib_pdhg_enhanced_100k,blend,TERMINATION_REASON_OPTIMAL,2880,0.22427438,3053.5,-30.8121497600052,-30.81215000137585,3.854265047421586e-9,3.37171977216352e-8,2.682207700388517e-8,8.110179194886769e-12,8.110179194886769e-12,1.1142488785516975e-9,1.1056091098056542e-9,4.283278543554094e-13,1.2751854080010641e-12,21.638389974590744,37.44112241292329,5.863156921812957
"1e-8,netlib_pdhg_enhanced_100k",1e-8,netlib_pdhg_enhanced_100k,bnl1,TERMINATION_REASON_KKT_MATRIX_PASS_LIMIT,95120,10.062905953,100003.5,1995.3402956594048,-5709.943381277088,0.9998702357657826,0.021867132229210554,0.013129047669492744,0.0,0.0,5.248688034367163e-5,4.606683392804472e-5,0.0,0.0,1240.0959730523477,2876.4548780163204,15708.697548041624
"1e-8,netlib_pdhg_enhanced_100k",1e-8,netlib_pdhg_enhanced_100k,bnl2,TERMINATION_REASON_KKT_MATRIX_PASS_LIMIT,94680,19.857989721,100032.5,1811.425021050047,1808.8182487579447,0.0007198556125284827,0.01030769330689782,0.009629768700669672,0.0,0.0,2.1786202667699735e-6,3.319465253591752e-6,0.0,0.0,2119.698694431384,4637.355431907888,38.320184249162814
"1e-8,netlib_pdhg_enhanced_100k",1e-8,netlib_pdhg_enhanced_100k,boeing1,TERMINATION_REASON_OPTIMAL,26120,1.540501924,27450.5,-335.2135675455915,-335.2135733917765,8.7071025788005e-9,2.2333924047753486e-6,9.544201304834132e-7,0.0,0.0,1.2913787857787173e-9,5.623280367187875e-10,0.0,0.0,2952.000000000003,5440.101379189711,33.400954029597145
"1e-8,netlib_pdhg_enhanced_100k",1e-8,netlib_pdhg_enhanced_100k,boeing2,TERMINATION_REASON_OPTIMAL,6880,0.384547991,7290.5,-315.01873310190905,-315.0187366847853,5.677755198891808e-9,2.2427300739532467e-5,1.7656331067428255e-5,0.0,0.0,2.3776485350939038e-9,1.871960460923267e-9,0.0,0.0,2743.0000000000036,4681.300529566889,13.206601242002549
"1e-8,netlib_pdhg_enhanced_100k",1e-8,netlib_pdhg_enhanced_100k,bore3d,TERMINATION_REASON_KKT_MATRIX_PASS_LIMIT,95040,1.445415517,100009.5,1373.0607273839812,1373.0173085193958,1.5805471856987462e-5,0.005491131069545173,0.004796048561729549,0.0,0.0,5.068181665467543e-7,4.6750075709873574e-7,0.0,0.0,7426.585290657319,8870.357498474004,300.0978089139111
"1e-8,netlib_pdhg_enhanced_100k",1e-8,netlib_pdhg_enhanced_100k,brandy,TERMINATION_REASON_OPTIMAL,37720,1.364025144,39760.5,1518.5098985788054,1518.5099117617751,4.339329743336779e-9,4.401309978162471e-6,3.6874825681820766e-6,2.7423124638684027e-7,2.7416299908100683e-7,8.486015897069811e-9,1.217989570750119e-8,1.8603551269429512e-9,5.375745080019742e-9,65.60000007697317,150.8342515748348,49.50303463850998
"1e-8,netlib_pdhg_enhanced_100k",1e-8,netlib_pdhg_enhanced_100k,capri,TERMINATION_REASON_OPTIMAL,56520,2.272426278,59613.5,2690.012704836139,2690.0126757969847,5.3965838135638975e-9,1.8218805000127502e-6,1.2013197192572989e-6,8.159150649222829e-11,7.929923384608628e-11,2.716290716316404e-10,3.38691896510428e-10,3.7796180302206293e-13,7.883709369349588e-13,2177.466856694327,5351.749642154478,417.44234161216184
"1e-8,netlib_pdhg_enhanced_100k",1e-8,netlib_pdhg_enhanced_100k,cre-a,TERMINATION_REASON_OPTIMAL,59880,19.224925461,63296.5,2.359540752455126e7,2.3595407057527505e7,9.896496820292392e-9,2.073299301655697e-5,1.0079501895243759e-5,0.0,0.0,4.162105298686065e-9,3.2853656764158276e-9,0.0,0.0,2173.999999999998,3094.5814404697926,177946.99986686357
"1e-8,netlib_pdhg_enhanced_100k",1e-8,netlib_pdhg_enhanced_100k,cre-b,TERMINATION_REASON_KKT_MATRIX_PASS_LIMIT,95040,181.502203701,100041.5,2.3129631524782043e7,2.3129630170318376e7,2.927983689677211e-8,0.022129456619620815,0.015260269092550516,0.0,0.0,4.195985383124559e-6,4.974012090140324e-6,0.0,0.0,2173.999999999999,3234.903062917213,177946.99930351705
"1e-8,netlib_pdhg_enhanced_100k",1e-8,netlib_pdhg_enhanced_100k,cre-c,TERMINATION_REASON_OPTIMAL,56360,15.982210414,59480.5,2.527511563301327e7,2.5275116078538e7,8.81350502045258e-9,4.8709728466762536e-5,4.205085201647307e-5,0.0,0.0,9.849497698214252e-9,1.3706275103152892e-8,0.0,0.0,2158.999999999994,2992.726606996395,185294.48149952007
"1e-8,netlib_pdhg_enhanced_100k",1e-8,netlib_pdhg_enhanced_100k,cre-d,TERMINATION_REASON_OPTIMAL,25760,42.589881798,27221.5,2.445497003245919e7,2.4454969600976318e7,8.821987198176304e-9,2.0067984122981057e-5,9.102814502170986e-6,0.0,0.0,3.8297684506719346e-9,2.9670190685042326e-9,0.0,0.0,1836.9940905096921,2742.884480863927,110277.0594676435
"1e-8,netlib_pdhg_enhanced_100k",1e-8,netlib_pdhg_enhanced_100k,cycle,TERMINATION_REASON_OPTIMAL,18200,3.361289747,19147.5,-5.226392971139466,-5.226393069604009,8.597431397666931e-9,2.1274200301746185e-7,8.558430275584783e-8,3.041430314096029e-13,1.5244748587984851e-13,2.6326753861675396e-10,1.753776695816554e-10,2.1244382663824586e-14,7.622374293992426e-14,16899.122269482457,25128.727651726043,1.0000000000000002
"1e-8,netlib_pdhg_enhanced_100k",1e-8,netlib_pdhg_enhanced_100k,czprob,TERMINATION_REASON_OPTIMAL,33080,5.221394431,34897.5,2.185196627158014e6,2.185196664799107e6,8.61274524783497e-9,1.59865431139133e-5,1.469770451567598e-5,0.0,0.0,4.376392743420854e-9,9.593801903182754e-9,0.0,0.0,1467.0000000000016,3568.05953510421,19018.058469391683
"1e-8,netlib_pdhg_enhanced_100k",1e-8,netlib_pdhg_enhanced_100k,d2q06c,TERMINATION_REASON_KKT_MATRIX_PASS_LIMIT,95000,43.545084262,100016.5,122784.27194795292,122765.98042769465,7.449165940430079e-5,0.022687396518330634,0.011385334517228785,0.0002800591294236352,0.00020262284967742517,4.4902704335508146e-7,2.3328932122923678e-7,3.865034251531897e-7,3.5990302839951477e-6,133403.20912571735,133570.01717940034,867.5108802080252
"1e-8,netlib_pdhg_enhanced_100k",1e-8,netlib_pdhg_enhanced_100k,d6cube,TERMINATION_REASON_OPTIMAL,15240,9.642543778,16055.5,315.4916666008012,315.49166339181437,5.077644708484074e-9,5.387645206863109e-7,2.7755277187679894e-7,0.0,0.0,4.0519954551538104e-11,2.4091031323391975e-11,0.0,0.0,24.88050703717607,58.75500602589084,2.2005510983590306
"1e-8,netlib_pdhg_enhanced_100k",1e-8,netlib_pdhg_enhanced_100k,degen2,TERMINATION_REASON_OPTIMAL,5560,0.556597777,5869.5,-1435.1780008812493,-1435.1780000047765,3.0524698709268373e-10,2.2909075011914147e-7,1.8236255261427914e-7,0.0,0.0,5.692709206197484e-9,6.2883638832510046e-9,0.0,0.0,3.99999999984338,12.922847941186848,38.22142559997144
"1e-8,netlib_pdhg_enhanced_100k",1e-8,netlib_pdhg_enhanced_100k,degen3,TERMINATION_REASON_OPTIMAL,21640,5.600695495,22767.5,-987.2940037988565,-987.294000362406,1.7394570440416222e-9,1.2529743757626606e-6,7.277523318416357e-7,0.0,0.0,9.949928389264521e-9,1.5484092166843313e-8,0.0,0.0,9.799999994211634,25.440919278095947,8.587669681314962
"1e-8,netlib_pdhg_enhanced_100k",1e-8,netlib_pdhg_enhanced_100k,dfl001,TERMINATION_REASON_DUAL_INFEASIBLE,1,0.155894983,5.5,-9.547070309317053e10,-5.782861813091954e11,0.7166019218394688,1108.0358015900604,267.91132024355875,1.0221495624623029e8,1.9769714162929773e7,0.8630814563348157,1.326293664572073,0.09994986942516738,0.32925352960598053,20.424150641288755,160.50834110827495,4.1825998237865806e7
"1e-8,netlib_pdhg_enhanced_100k",1e-8,netlib_pdhg_enhanced_100k,e226,TERMINATION_REASON_OPTIMAL,27920,1.21997773,29596.5,-11.638929360425232,-11.638929596447484,9.721707866752185e-9,6.675072056693936e-7,3.593193582673848e-7,5.272944429601604e-9,5.271623138014547e-9,3.271292795232602e-9,2.192104092280358e-9,1.123844241022098e-10,1.7504219103988696e-10,103.35860087566813,156.58389931528242,29.116300000001477
"1e-8,netlib_pdhg_enhanced_100k",1e-8,netlib_pdhg_enhanced_100k,etamacro,TERMINATION_REASON_KKT_MATRIX_PASS_LIMIT,95000,4.787790356,100007.5,-755.7152258157944,-755.7152615120242,2.3601897815914507e-8,1.3385133297283083e-11,1.1848966252614446e-11,0.0,0.0,2.9632207919194815e-15,9.528477154278656e-15,0.0,0.0,64.43999999999983,258.79486541206234,52.328022783253935
"1e-8,netlib_pdhg_enhanced_100k",1e-8,netlib_pdhg_enhanced_100k,fffff800,TERMINATION_REASON_OPTIMAL,12800,0.990099393,13561.5,555679.562216593,555679.5626043172,3.4887364364044787e-10,0.0016330174746091233,0.0007310683936339046,5.252165879466686e-11,5.004109220259391e-11,7.166215275736205e-9,3.338196584178089e-9,2.544430584806143e-16,4.0188530241261074e-16,246943.74595328807,247684.86577197755,113250.29289781018
"1e-8,netlib_pdhg_enhanced_100k",1e-8,netlib_pdhg_enhanced_100k,finnis,TERMINATION_REASON_OPTIMAL,48920,2.580715752,51440.5,172791.0654683879,172791.062231595,9.366177524230742e-9,0.00010189551436680853,9.99999999999997e-5,0.0,0.0,9.625899137718649e-9,2.0128824476650504e-8,0.0,0.0,3866.984804504138,9469.16480244494,1050.3853909999984
"1e-8,netlib_pdhg_enhanced_100k",1e-8,netlib_pdhg_enhanced_100k,fit1d,TERMINATION_REASON_OPTIMAL,5160,0.72673876,5463.5,-9146.378092389185,-9146.378092434463,2.4750676556313767e-12,6.0210982106276575e-9,4.928728758457623e-9,0.0,0.0,6.0210982106276575e-9,4.928728758457623e-9,0.0,0.0,3.0000000000000053,32.550262074406,37.84480490688641
"1e-8,netlib_pdhg_enhanced_100k",1e-8,netlib_pdhg_enhanced_100k,fit1p,TERMINATION_REASON_OPTIMAL,21040,3.473750865,22114.5,9146.378102312257,9146.377925280944,9.677144132114648e-9,5.581840967466549e-6,3.4659588692420584e-6,0.00012946051614680119,0.00012709440488833934,6.519746633056941e-9,1.5972160687751423e-8,1.050635415434799e-9,1.417198984035898e-9,52.34161875350449,243.19726463067192,3.0000000131003524
"1e-8,netlib_pdhg_enhanced_100k",1e-8,netlib_pdhg_enhanced_100k,fit2d,TERMINATION_REASON_OPTIMAL,21240,20.719737192,22412.5,-68464.2932938422,-68464.29329676137,2.1318784896350693e-11,2.464951810635911e-9,1.6915365774750057e-9,0.0,0.0,2.464951810635911e-9,1.6915365774750057e-9,0.0,0.0,3.9999999999999982,63.679319093380904,8.500538793518764
"1e-8,netlib_pdhg_enhanced_100k",1e-8,netlib_pdhg_enhanced_100k,fit2p,TERMINATION_REASON_OPTIMAL,27280,33.561073699,28665.5,68464.29331419032,68464.29462993519,9.608915720704513e-9,8.238566372485576e-6,4.721818369191055e-6,0.0011849781955200664,0.0007772156968712807,3.2279850838812672e-9,2.9021624887468073e-9,2.6142087644551283e-9,2.316834409814692e-9,772.350000000003,1225.0691102593698,3.000000407196473
"1e-8,netlib_pdhg_enhanced_100k",1e-8,netlib_pdhg_enhanced_100k,forplan,TERMINATION_REASON_KKT_MATRIX_PASS_LIMIT,95240,4.000477373,100035.5,-664.6708518040095,-664.3840220088659,0.000215652602603791,0.005507270101885167,0.0043516384389477025,0.0,0.0,1.890838394553715e-6,1.5536017275786157e-6,0.0,0.0,2799.9999999999923,3643.0697216226076,47.24238056900632
"1e-8,netlib_pdhg_enhanced_100k",1e-8,netlib_pdhg_enhanced_100k,ganges,TERMINATION_REASON_KKT_MATRIX_PASS_LIMIT,95200,5.260734388,100033.5,-111550.50539911805,-567866.1038896688,0.6716275708076231,0.07630549454094436,0.07630506363183187,0.0,0.0,3.280815401094226e-6,6.765862444180684e-6,0.0,0.0,15298.765117699324,41230.73032955599,6.301162902415295e8
"1e-8,netlib_pdhg_enhanced_100k",1e-8,netlib_pdhg_enhanced_100k,gfrd-pnc,TERMINATION_REASON_KKT_MATRIX_PASS_LIMIT,95240,6.34859065,100025.5,6.902235755375679e6,6.902232589594795e6,2.2933013969391332e-7,0.0013735055908775818,0.0004161150104664557,0.0,0.0,1.524957899425485e-7,3.7959771069736883e-7,0.0,0.0,70000.00000000012,168108.5993059931,56.22812665654226
"1e-8,netlib_pdhg_enhanced_100k",1e-8,netlib_pdhg_enhanced_100k,greenbea,TERMINATION_REASON_KKT_MATRIX_PASS_LIMIT,95120,26.018900312,100005.5,-7.772138604322335e7,-7.459111260015588e7,0.020551651705517423,379.1419536637016,325.20235615427373,2.50110191486997,1.3779164141327405,0.024887281764335255,0.027200650615633894,0.0014809745832139248,0.00398152591257322,902418.9264040043,1.5112283230717608e6,1.669571085916566e6
"1e-8,netlib_pdhg_enhanced_100k",1e-8,netlib_pdhg_enhanced_100k,greenbeb,TERMINATION_REASON_KKT_MATRIX_PASS_LIMIT,94720,31.15345818,100000.5,-4.307483822230944e6,-4.307223926404003e6,3.016884662322892e-5,0.5315446151393373,0.3000001809762005,8.088529576929162e-6,8.029035693440933e-6,6.954096655970001e-5,8.751463855781812e-5,1.7191815270857702e-9,3.400975244105009e-9,190845.6811834183,212672.12244833566,4566.144762206158
"1e-8,netlib_pdhg_enhanced_100k",1e-8,netlib_pdhg_enhanced_100k,grow15,TERMINATION_REASON_KKT_MATRIX_PASS_LIMIT,95240,9.969688177,100025.5,-1.068695244581405e8,-1.0687094129357706e8,6.628765521498412e-6,19.184491803639688,13.213118541627864,0.0,0.0,19.184491803639688,13.213118541627864,0.0,0.0,1.1444993921709086e6,6.15480184340278e6,85.67388854317223
"1e-8,netlib_pdhg_enhanced_100k",1e-8,netlib_pdhg_enhanced_100k,grow22,TERMINATION_REASON_OPTIMAL,13160,2.155962337,13838.5,-1.6083433648256487e8,-1.6083433658945733e8,3.323061123482965e-10,5.523935969230492e-9,9.999894245993346e-10,0.0,0.0,5.523935969230492e-9,9.999894245993346e-10,0.0,0.0,1.166722343908366e6,7.521052140497489e6,85.67388830214423
"1e-8,netlib_pdhg_enhanced_100k",1e-8,netlib_pdhg_enhanced_100k,grow7,TERMINATION_REASON_OPTIMAL,10680,0.794014173,11238.5,-4.7787811814709716e7,-4.778781228462007e7,4.91663384815738e-9,8.68734927429052e-9,3.409695636946708e-9,0.0,0.0,8.68734927429052e-9,3.409695636946708e-9,0.0,0.0,1.145498546878171e6,4.302420414811056e6,85.67390476775455
"1e-8,netlib_pdhg_enhanced_100k",1e-8,netlib_pdhg_enhanced_100k,israel,TERMINATION_REASON_OPTIMAL,20200,1.106058131,21358.5,-896644.8219210557,-896644.8348604686,7.215457746786427e-9,3.8285034941856066e-5,2.8910086839362137e-5,0.0,0.0,3.744292710627826e-11,3.1526777876318715e-11,0.0,0.0,10371.938378830446,24176.40565096335,365.45136377799616
"1e-8,netlib_pdhg_enhanced_100k",1e-8,netlib_pdhg_enhanced_100k,kb2,TERMINATION_REASON_OPTIMAL,21600,0.444602334,22887.5,-1749.900129840754,-1749.9001299129,2.0608400719465716e-11,4.930887203621346e-7,4.4443186197895557e-7,0.0,0.0,9.632588094840532e-9,1.2345329499415433e-8,0.0,0.0,6262.646875399423,9718.496748588406,17.2692081889232
"1e-8,netlib_pdhg_enhanced_100k",1e-8,netlib_pdhg_enhanced_100k,ken-07,TERMINATION_REASON_OPTIMAL,1800,0.538131301,1913.5,-6.795204436921326e8,-6.795204458083465e8,1.5571377818903768e-9,3.315624052935015e-5,1.5071024947133083e-5,0.0,0.0,9.048722035311647e-9,9.76735252568573e-9,0.0,0.0,10195.000000000002,20412.214493413394,18975.25518458377
"1e-8,netlib_pdhg_enhanced_100k",1e-8,netlib_pdhg_enhanced_100k,ken-11,TERMINATION_REASON_OPTIMAL,4920,4.660688713,5193.5,-6.972382259274105e9,-6.972382263199877e9,2.815229835289345e-10,0.00020263088256250382,0.00016138390765263466,0.0,0.0,8.924595263501566e-9,3.002491305165296e-8,0.0,0.0,58725.000000000044,166127.34276518415,31979.582382224715
"1e-8,netlib_pdhg_enhanced_100k",1e-8,netlib_pdhg_enhanced_100k,ken-13,TERMINATION_REASON_OPTIMAL,5640,11.070607461,5944.5,-1.0257394775501081e10,-1.0257394957866417e10,8.889456720044716e-9,0.0005259619671076918,0.00034037961268040817,0.0,0.0,9.452924094466429e-9,3.8622445555475796e-8,0.0,0.0,8091.999843606574,21269.216263101276,31658.675470643102
"1e-8,netlib_pdhg_enhanced_100k",1e-8,netlib_pdhg_enhanced_100k,ken-18,TERMINATION_REASON_OPTIMAL,10000,72.887383184,10543.5,-5.221702521609249e10,-5.221702622021885e10,9.614932526437259e-9,0.0018913265669678056,0.0009348260537080932,0.0,0.0,9.002796486739981e-9,4.0006250426160535e-8,0.0,0.0,22941.99997961963,72179.70177771895,42224.66942201708
"1e-8,netlib_pdhg_enhanced_100k",1e-8,netlib_pdhg_enhanced_100k,lotfi,TERMINATION_REASON_KKT_MATRIX_PASS_LIMIT,94720,3.602550093,100039.5,-25.267417402958415,-25.28662497451324,0.00037257159029724797,0.004517989422285194,0.0031922945097448974,0.0,0.0,1.1064943776685447e-7,1.4927727424572818e-7,0.0,0.0,13905.025343627913,34981.2305854238,0.7628583897481162
"1e-8,netlib_pdhg_enhanced_100k",1e-8,netlib_pdhg_enhanced_100k,maros-r7,TERMINATION_REASON_OPTIMAL,12440,14.051435896,13085.5,1.497185166487934e6,1.4971851381450824e6,9.465376463702302e-9,1.635041704381709e-5,1.3921851177656208e-5,0.0,0.0,3.9512565333585025e-11,4.432440121511735e-10,0.0,0.0,14134.653235026004,145948.18759439123,2.000000006579078
"1e-8,netlib_pdhg_enhanced_100k",1e-8,netlib_pdhg_enhanced_100k,maros,TERMINATION_REASON_KKT_MATRIX_PASS_LIMIT,94800,7.523542229,100009.5,-58063.99883361171,-58093.69144089049,0.00025562105778409065,0.38642771993273967,0.37832110231056415,0.0,0.0,3.838235254757796e-5,5.057092665560275e-5,0.0,0.0,37279.04176504228,46016.896460461874,819.8588591952524
"1e-8,netlib_pdhg_enhanced_100k",1e-8,netlib_pdhg_enhanced_100k,modszk1,TERMINATION_REASON_OPTIMAL,26160,1.756279373,27542.5,320.61972907406744,320.61973519588355,9.531983713504758e-9,9.425229919729857e-10,7.196376827778295e-10,3.313147660151096e-10,2.773408169787217e-10,3.122311371197646e-15,5.192198565783137e-15,2.008128634601244e-14,3.771322814419505e-14,687208.9053261372,852516.8907474877,3949.5793331945747
"1e-8,netlib_pdhg_enhanced_100k",1e-8,netlib_pdhg_enhanced_100k,nesm,TERMINATION_REASON_KKT_MATRIX_PASS_LIMIT,95240,19.24251307,100025.5,1.4076060028410316e7,1.4075959633029148e7,3.5661873929016084e-6,0.2716638752927709,0.14659466649735764,0.0,0.0,1.0658289321986269e-5,2.5329720203080148e-5,0.0,0.0,2829.635718765112,14794.554925453882,2376.169988448765
"1e-8,netlib_pdhg_enhanced_100k",1e-8,netlib_pdhg_enhanced_100k,osa-07,TERMINATION_REASON_OPTIMAL,1240,3.275174401,1363.5,535722.5183757616,535722.5171944016,1.1025846806025325e-9,8.746717118483845e-8,8.057746470058191e-8,0.0,0.0,1.150083952558232e-10,1.1841501801937365e-10,0.0,0.0,1.000000000000001,18.73551766552469,7143.9684201449445
"1e-8,netlib_pdhg_enhanced_100k",1e-8,netlib_pdhg_enhanced_100k,osa-14,TERMINATION_REASON_OPTIMAL,2560,13.90562397,2756.5,1.1064628319482491e6,1.1064628439056282e6,5.403423072474629e-9,5.746847996701954e-6,5.188880749074087e-6,0.0,0.0,3.7215016258459325e-9,3.815540621789383e-9,0.0,0.0,1.0000000000000002,27.400219184174883,6975.872424321121
"1e-8,netlib_pdhg_enhanced_100k",1e-8,netlib_pdhg_enhanced_100k,osa-30,TERMINATION_REASON_OPTIMAL,2960,30.585907961,3172.5,2.142139897054282e6,2.1421398707485627e6,6.1400549367457674e-9,2.1460105948550766e-5,2.1459512709043338e-5,0.0,0.0,6.606667716758496e-9,7.366808345020027e-9,0.0,0.0,1.00000001313628,38.47018551093424,7470.192050953181
"1e-8,netlib_pdhg_enhanced_100k",1e-8,netlib_pdhg_enhanced_100k,osa-60,TERMINATION_REASON_OPTIMAL,6080,142.30344094,6529.5,4.0440724193796054e6,4.0440724987852485e6,9.817533443303513e-9,4.2202983457197034e-5,4.120442872590502e-5,0.0,0.0,6.523436953531189e-9,7.073721669683265e-9,0.0,0.0,1.0000000149794779,52.288840118812075,7569.858532816935
"1e-8,netlib_pdhg_enhanced_100k",1e-8,netlib_pdhg_enhanced_100k,pds-02,TERMINATION_REASON_OPTIMAL,1640,0.586695117,1749.5,2.885786200893758e10,2.885786200973592e10,1.3832276339076517e-11,5.875827877618004e-5,1.8772537440092663e-5,0.0,0.0,7.141448709910668e-9,5.213145637348698e-9,0.0,0.0,1103.9999999999998,2233.1769703346263,67480.99999840396
"1e-8,netlib_pdhg_enhanced_100k",1e-8,netlib_pdhg_enhanced_100k,pds-06,TERMINATION_REASON_OPTIMAL,5080,7.756486522,5359.5,2.7761037579024803e10,2.776103759997938e10,3.7740985602074224e-10,0.00012294717817654574,2.1532487945563616e-5,0.0,0.0,7.072031081548934e-9,5.979585655530024e-9,0.0,0.0,1103.9999999999993,4605.310886112877,99374.00000492577
"1e-8,netlib_pdhg_enhanced_100k",1e-8,netlib_pdhg_enhanced_100k,pds-10,TERMINATION_REASON_OPTIMAL,4480,9.793272634,4727.5,2.6727094973835598e10,2.6727094975959446e10,3.973211386012581e-11,7.87802552054356e-5,2.5287683353136803e-5,0.0,0.0,3.3468747581111626e-9,7.0224058186994735e-9,0.0,0.0,1104.0000000000007,6097.280949739886,99383.99999843941
"1e-8,netlib_pdhg_enhanced_100k",1e-8,netlib_pdhg_enhanced_100k,pds-20,TERMINATION_REASON_OPTIMAL,12400,61.850884978,13041.5,2.382165864795516e10,2.3821658584873768e10,1.3240343881023614e-9,0.00031824452154405813,4.66337139641837e-5,0.0,0.0,9.148696813379157e-9,1.2950212153341766e-8,0.0,0.0,4954.999999999995,11075.47568228701,99345.02100024505
"1e-8,netlib_pdhg_enhanced_100k",1e-8,netlib_pdhg_enhanced_100k,perold,TERMINATION_REASON_KKT_MATRIX_PASS_LIMIT,95080,9.575334587,100028.5,-9423.501054997281,-10951.204215970036,0.07497670096109653,6.76902690166603,5.2727484246000245,0.29878719363983486,0.16895582735523423,2.3961861203981338e-5,3.173013002346066e-5,0.08081079631716233,0.08366183431479346,85050.116920884,264055.40452538774,285.6209332140084
"1e-8,netlib_pdhg_enhanced_100k",1e-8,netlib_pdhg_enhanced_100k,pilot.ja,TERMINATION_REASON_KKT_MATRIX_PASS_LIMIT,95120,13.884374766,100024.5,-6057.915101562996,-7181.513839829112,0.0848612037600634,38.12816512972851,26.460645483888456,0.005502043869104048,0.0030417433372109154,7.232305307655965e-5,5.5802294007389213e-5,0.0017932345271505822,0.0013260792467700425,99798.20632970589,230310.7430340186,138.86376732388015
"1e-8,netlib_pdhg_enhanced_100k",1e-8,netlib_pdhg_enhanced_100k,pilot.we,TERMINATION_REASON_KKT_MATRIX_PASS_LIMIT,94800,16.513941895,100023.5,-2.7618213622577293e6,-2.767983619239125e6,0.0011143712821055612,23.316357565913805,16.42444382846925,0.0,0.0,0.0012311722809255487,0.0009175154364822776,0.0,0.0,124746.52191759115,380253.180995178,14901.972156025182
"1e-8,netlib_pdhg_enhanced_100k",1e-8,netlib_pdhg_enhanced_100k,pilot4,TERMINATION_REASON_KKT_MATRIX_PASS_LIMIT,94840,7.288381737,100015.5,-2561.120716038015,-2935.3854860765587,0.06807900824097037,14.095990285338164,9.953870336418163,0.18312208381870332,0.11759171392146861,0.00014140406083013276,0.00025219539109670996,0.026579065485014385,0.02980887682486709,75697.7535480505,181847.8953890988,64.9262557852717
"1e-8,netlib_pdhg_enhanced_100k",1e-8,netlib_pdhg_enhanced_100k,pilot87,TERMINATION_REASON_KKT_MATRIX_PASS_LIMIT,94880,50.141732656,100040.5,301.73108274673416,297.33722741751166,0.007322258574227747,0.05213074398241717,0.040112456587417314,2.202104151064562e-9,1.3278711463726722e-9,6.088516402395043e-6,6.170197906078652e-6,1.736632394017142e-10,3.090760676431762e-10,18510.741758577708,50224.36926104152,10.628435280524938
"1e-8,netlib_pdhg_enhanced_100k",1e-8,netlib_pdhg_enhanced_100k,pilot,TERMINATION_REASON_KKT_MATRIX_PASS_LIMIT,95080,36.509289721,100027.5,-555.8085709344806,-560.3093017300754,0.0040288772615011716,0.10003297612328824,0.051411884527304164,0.0,0.0,1.2895156330890171e-5,8.567219551292144e-6,0.0,0.0,4839.911068898579,14979.432122438846,14.492752148683355
"1e-8,netlib_pdhg_enhanced_100k",1e-8,netlib_pdhg_enhanced_100k,pilotnov,TERMINATION_REASON_OPTIMAL,16720,2.926216915,17592.5,-4497.276159654659,-4497.276248571912,9.884579550398585e-9,0.0007482456379675464,0.00040653508087606927,0.0,0.0,1.2286675303624116e-9,6.860920550609804e-10,0.0,0.0,49086.78886315181,104502.52787030302,0.8900000000000164
"1e-8,netlib_pdhg_enhanced_100k",1e-8,netlib_pdhg_enhanced_100k,qap12,TERMINATION_REASON_OPTIMAL,19840,20.291615774,20853.5,522.894351345622,522.8943413035679,9.59320077756428e-9,3.389208474101336e-8,2.717913866190358e-9,0.0,0.0,5.745414918621201e-9,1.358956933095179e-9,0.0,0.0,0.2767739753913572,2.0556590916990745,41.2046089305187
"1e-8,netlib_pdhg_enhanced_100k",1e-8,netlib_pdhg_enhanced_100k,qap15,TERMINATION_REASON_OPTIMAL,47600,127.995266941,50002.5,1040.9940379890033,1040.9940286212843,4.497250455184123e-9,6.394406481634877e-8,3.857205442634598e-9,0.0,0.0,9.872138012707511e-9,1.928602721317299e-9,0.0,0.0,0.2508549867255073,2.2520432348421493,67.03253813962196
"1e-8,netlib_pdhg_enhanced_100k",1e-8,netlib_pdhg_enhanced_100k,qap8,TERMINATION_REASON_OPTIMAL,1120,0.549027125,1197.5,203.49999999494605,203.49999865050947,3.2951877153388714e-9,2.3858476724142734e-8,3.4221518813160046e-9,0.0,0.0,4.771695344828547e-9,1.7110759406580023e-9,0.0,0.0,0.18750000544907486,1.7457708172390265,27.329485841121244
"1e-8,netlib_pdhg_enhanced_100k",1e-8,netlib_pdhg_enhanced_100k,recipe,TERMINATION_REASON_OPTIMAL,400,0.119670833,444.5,-266.616,-266.61600000000016,3.1920636836135607e-16,3.7518153537190026e-13,3.4994229736184934e-13,0.0,0.0,8.124781991634782e-15,1.1664743245394978e-14,0.0,0.0,20.000000000000004,38.4447655734821,2.0001059173837175
"1e-8,netlib_pdhg_enhanced_100k",1e-8,netlib_pdhg_enhanced_100k,sc105,TERMINATION_REASON_OPTIMAL,1960,0.219098815,2090.5,-52.202061900104695,-52.20206171111475,1.793003321119917e-9,2.20952696581589e-6,1.464446967247568e-6,6.385609398886054e-10,3.001986090267472e-10,3.1203301882146505e-9,7.285805807201831e-9,4.0816336253468637e-10,1.9188469891372893e-10,708.8766949262873,1417.0613478892308,0.2191810046338671
"1e-8,netlib_pdhg_enhanced_100k",1e-8,netlib_pdhg_enhanced_100k,sc205,TERMINATION_REASON_OPTIMAL,4680,0.264660177,5000.5,-52.20206195915437,-52.202062578868826,5.8794137180871375e-9,2.6825444555588064e-6,2.1079737138052224e-6,5.158358083652905e-10,4.1291291599018093e-10,2.749411703021122e-9,1.0487431411966281e-8,2.824259403266976e-10,2.2607449246521225e-10,2380.370861695812,5341.899142912986,0.16438574783263304
"1e-8,netlib_pdhg_enhanced_100k",1e-8,netlib_pdhg_enhanced_100k,sc50a,TERMINATION_REASON_OPTIMAL,600,0.127133824,650.5,-64.57507701128472,-64.5750779383582,7.123107051096235e-9,1.6727718781017582e-6,1.1016036012279073e-6,0.0,0.0,3.4882883922840837e-9,6.442126322970219e-9,0.0,0.0,299.69293315730056,459.19677458213897,0.3143500155889445
"1e-8,netlib_pdhg_enhanced_100k",1e-8,netlib_pdhg_enhanced_100k,sc50b,TERMINATION_REASON_OPTIMAL,1080,0.137690244,1156.5,-69.99999992517829,-70.0000002436161,2.2584242030213655e-9,8.232728788305497e-7,4.49181783324093e-7,0.0,0.0,1.2254359753028038e-9,1.4922982834687475e-9,0.0,0.0,194.92200015603518,410.6260551750869,0.3164062494816651
"1e-8,netlib_pdhg_enhanced_100k",1e-8,netlib_pdhg_enhanced_100k,scagr25,TERMINATION_REASON_OPTIMAL,2520,0.378414443,2667.5,-1.475343305579918e7,-1.4753433065810641e7,3.392925650434013e-10,3.153600366754637e-5,9.032166872202652e-6,0.0,0.0,5.1745934900398375e-9,2.678739973951767e-9,0.0,0.0,6900.000000000004,46202.70211800376,809.0624340728152
"1e-8,netlib_pdhg_enhanced_100k",1e-8,netlib_pdhg_enhanced_100k,scagr7,TERMINATION_REASON_OPTIMAL,3800,0.224745739,4014.5,-2.3313898272366566e6,-2.331389824393686e6,6.097157191170135e-10,2.973571581291859e-5,1.374436310186411e-5,0.0,0.0,5.874793614230459e-9,4.076272657315563e-9,0.0,0.0,6899.999999999999,21129.94158091873,545.1933468354933
"1e-8,netlib_pdhg_enhanced_100k",1e-8,netlib_pdhg_enhanced_100k,scfxm1,TERMINATION_REASON_OPTIMAL,16200,1.297221607,17156.5,18416.759030431913,18416.758994748456,9.687504822235881e-10,6.159530155654747e-6,4.893577893128054e-6,3.638200851696638e-12,3.638200851696638e-12,3.2033123330599835e-9,4.074586089199046e-9,5.1175089529562846e-14,1.0873609048975277e-13,13971.87520900402,19323.560695544686,182.10897289142815
"1e-8,netlib_pdhg_enhanced_100k",1e-8,netlib_pdhg_enhanced_100k,scfxm2,TERMINATION_REASON_OPTIMAL,37400,3.088424485,39370.5,36660.26158394052,36660.26086216613,9.843963509528024e-9,7.285491799481375e-7,5.012408514915023e-7,0.0,0.0,1.726626184806612e-10,2.504951781566728e-10,0.0,0.0,13971.874096748123,26257.17623918173,181.03705805789656
"1e-8,netlib_pdhg_enhanced_100k",1e-8,netlib_pdhg_enhanced_100k,scfxm3,TERMINATION_REASON_OPTIMAL,46520,4.975606326,48963.5,54901.254557473134,54901.253503953216,9.59459252859302e-9,5.537232138854859e-7,4.989159658741471e-7,0.0,0.0,8.76854772839564e-11,1.282802061151548e-10,0.0,0.0,13971.874085921392,31533.298055848183,181.64272185052815
"1e-8,netlib_pdhg_enhanced_100k",1e-8,netlib_pdhg_enhanced_100k,scorpion,TERMINATION_REASON_OPTIMAL,6240,0.259789407,6626.5,1878.124849220034,1878.1248315814382,4.694549833626631e-9,4.21204850378928e-8,3.3131304477684864e-8,3.226229212941773e-5,2.6749507469503442e-5,9.709283307911958e-9,1.3556180228185296e-8,1.269424538434759e-9,2.042939754277818e-9,1.0482177604112697,2.1685166677709518,441.19402545064804
"1e-8,netlib_pdhg_enhanced_100k",1e-8,netlib_pdhg_enhanced_100k,scrs8,TERMINATION_REASON_OPTIMAL,59800,3.837784169,63012.5,904.2969845131912,904.2970013368939,9.296948840364542e-9,3.5408813615327374e-6,2.6799015018230676e-6,4.3266949513387005e-7,2.5544209253380856e-7,8.97723582620299e-9,9.232198716956488e-9,7.898533262092404e-11,7.805939792882095e-11,143.2017009952212,270.5585089054398,1499.1128138871616
"1e-8,netlib_pdhg_enhanced_100k",1e-8,netlib_pdhg_enhanced_100k,scsd1,TERMINATION_REASON_OPTIMAL,1360,0.301654013,1454.5,8.66666663395587,8.666666669176566,1.9211288591619844e-9,9.803621447915046e-9,4.863182190284476e-9,6.180686985743378e-8,4.851129897787132e-8,4.901810723957523e-9,2.431591095142238e-9,8.008600867276028e-10,4.410118088897393e-9,0.5270463032669032,1.163251983774046,8.666666669176566
"1e-8,netlib_pdhg_enhanced_100k",1e-8,netlib_pdhg_enhanced_100k,scsd6,TERMINATION_REASON_OPTIMAL,2840,0.532520422,3026.5,50.49999999222855,50.5000000439712,5.072808402474858e-10,8.257844690654651e-9,2.496635023718774e-9,1.446899452459902e-7,4.9199764262652934e-8,2.767083530892198e-9,1.248317511859387e-9,1.5661157527682191e-9,4.947548167219508e-9,1.3365506832039362,3.9478947859090856,16.000000014762705
"1e-8,netlib_pdhg_enhanced_100k",1e-8,netlib_pdhg_enhanced_100k,scsd8,TERMINATION_REASON_OPTIMAL,25560,4.904594906,26889.5,904.999999951726,904.9999999261379,1.4129246273836785e-11,1.2243300682465107e-7,1.6978655537069898e-8,7.150736300600974e-8,2.2203911154150546e-8,8.842972202093213e-9,2.829775922844983e-9,5.983857998390345e-10,2.4014064279719416e-9,22.500004540252565,77.30690196782167,42.33333332838729
"1e-8,netlib_pdhg_enhanced_100k",1e-8,netlib_pdhg_enhanced_100k,sctap1,TERMINATION_REASON_OPTIMAL,1200,0.284644074,1289.5,1412.249981225959,1412.249987078501,2.0713297054996274e-9,9.044366135714812e-7,3.071691665468279e-7,0.0,0.0,8.280018278242435e-9,7.491930891386047e-9,0.0,0.0,18.19237610330145,41.380813301668276,265.8510909542633
"1e-8,netlib_pdhg_enhanced_100k",1e-8,netlib_pdhg_enhanced_100k,sctap2,TERMINATION_REASON_OPTIMAL,1240,0.58788604,1361.5,1724.807156731047,1724.8071274356441,8.489909439359741e-9,7.078225701459164e-7,4.598885539053299e-7,2.0275011212091154e-9,5.862630381159306e-10,5.7424225741374406e-9,9.017422625594703e-9,2.3423716234385827e-12,7.2378152853818595e-12,1.9561500761021997,7.808759375320103,20.999999772408444
"1e-8,netlib_pdhg_enhanced_100k",1e-8,netlib_pdhg_enhanced_100k,sctap3,TERMINATION_REASON_OPTIMAL,640,0.440142203,712.5,1423.9999945088505,1423.9999995854987,1.7819053114516063e-9,7.278335627529888e-7,2.3320606334920058e-7,1.1963168712861064e-9,4.5997250452955996e-10,6.73715946344757e-9,4.5726679088078546e-9,1.3187391113558252e-12,5.678672895426666e-12,1.5098400565247003,7.194566497212766,24.109459462597496
"1e-8,netlib_pdhg_enhanced_100k",1e-8,netlib_pdhg_enhanced_100k,seba,TERMINATION_REASON_OPTIMAL,16,0.102348147,40.5,15711.599999999999,15711.6,5.788498684281084e-17,0.0,0.0,0.0,0.0,0.0,0.0,0.0,0.0,50.0,53.65165421494476,161.22929190301036
"1e-8,netlib_pdhg_enhanced_100k",1e-8,netlib_pdhg_enhanced_100k,share1b,TERMINATION_REASON_OPTIMAL,30800,1.143726181,32546.5,-76589.31902410598,-76589.3197854334,4.9701607013609155e-9,0.002520279349789114,0.002414641954601393,2.1253882802780275e-8,1.727769216586239e-8,7.995964225053697e-9,1.5476379685198562e-8,1.0542628030397635e-10,1.7106625906794446e-10,54369.89801616207,60393.79199172597,101.52183783054741
"1e-8,netlib_pdhg_enhanced_100k",1e-8,netlib_pdhg_enhanced_100k,share2b,TERMINATION_REASON_OPTIMAL,4040,0.216380627,4303.5,-415.7322509056878,-415.73224370234607,8.653031792780745e-9,9.249747857810156e-7,5.616568969912805e-7,0.0,0.0,7.70122260163848e-9,9.207490114611156e-9,0.0,0.0,58.11435114498551,99.6690158194746,34.477752165632225
"1e-8,netlib_pdhg_enhanced_100k",1e-8,netlib_pdhg_enhanced_100k,shell,TERMINATION_REASON_OPTIMAL,6960,0.71164692,7328.5,1.2088253447169416e9,1.2088253328657665e9,4.901938553321705e-9,0.002148755480963211,0.0008698269284650451,8.471027600074594e-6,5.804314099577823e-6,7.2662565258132226e-9,3.0595282058981327e-9,9.47341906784091e-10,1.6034016849662494e-9,284300.0,377975.25910253916,1082.598486629732
"1e-8,netlib_pdhg_enhanced_100k",1e-8,netlib_pdhg_enhanced_100k,ship04l,TERMINATION_REASON_OPTIMAL,3280,0.630772651,3537.5,1.7933245415915358e6,1.7933245354927846e6,1.70040318415917e-9,5.241097994362796e-7,3.277223366016102e-7,0.0,0.0,3.4002685125283285e-9,2.5804908393827575e-9,0.0,0.0,187.37892685808535,210.79937215737215,5866.76167892206
"1e-8,netlib_pdhg_enhanced_100k",1e-8,netlib_pdhg_enhanced_100k,ship04s,TERMINATION_REASON_OPTIMAL,14320,1.415002464,15198.5,1.7987146812733493e6,1.7987146827867145e6,4.206794954519129e-10,1.212266561569698e-6,4.334816270379349e-7,3.4624349931020415e-6,1.4551752371971816e-6,7.712994497499887e-9,3.413241157779015e-9,1.3820388596506284e-10,1.9752616223662027e-10,190.91762873099424,213.13542930200032,5742.020869452019
"1e-8,netlib_pdhg_enhanced_100k",1e-8,netlib_pdhg_enhanced_100k,ship08l,TERMINATION_REASON_OPTIMAL,6960,1.547089537,7359.5,1.909055234004885e6,1.9090552073348542e6,6.985136812691778e-9,1.0759696858515275e-6,4.05247172152734e-7,4.110660798734096e-7,2.6650764084479306e-7,7.129745032124404e-9,3.190922615375858e-9,1.0111674651224753e-11,3.285350602130092e-11,71.30207735039222,135.5619712013363,21826.32614417973
"1e-8,netlib_pdhg_enhanced_100k",1e-8,netlib_pdhg_enhanced_100k,ship08s,TERMINATION_REASON_OPTIMAL,4440,0.648020377,4707.5,1.9200982368410958e6,1.9200982064974238e6,7.901591643535856e-9,9.443790129401318e-7,2.697691026121163e-7,0.0,0.0,5.9498095789515845e-9,2.1241661623001283e-9,0.0,0.0,71.80952471474642,133.09763608502092,26493.997847067454
"1e-8,netlib_pdhg_enhanced_100k",1e-8,netlib_pdhg_enhanced_100k,ship12l,TERMINATION_REASON_OPTIMAL,15880,4.097152551,16740.5,1.4701879188509362e6,1.470187915694906e6,1.0733421242777276e-9,3.691556907599704e-7,1.1100191257829017e-7,2.0319492024998125e-6,6.140830350886972e-7,6.679201962134276e-9,3.580706857364199e-9,1.1170586503354483e-10,1.0907336324843645e-10,135.94526820264952,226.40243584107978,47493.60792438324
"1e-8,netlib_pdhg_enhanced_100k",1e-8,netlib_pdhg_enhanced_100k,ship12s,TERMINATION_REASON_OPTIMAL,12240,1.62291921,12899.5,1.4892361353730306e6,1.4892361106976648e6,8.284568546247058e-9,1.3127970847236038e-7,3.1927514854146466e-8,0.0,0.0,1.3131197964820454e-9,8.681836595864118e-10,0.0,0.0,134.29410809663028,231.96852328728312,60365.26335716335
"1e-8,netlib_pdhg_enhanced_100k",1e-8,netlib_pdhg_enhanced_100k,sierra,TERMINATION_REASON_OPTIMAL,2680,0.612811415,2838.5,1.539436218103486e7,1.5394362182135811e7,3.575827815943774e-11,0.0003439197698359675,0.00020013335053903347,0.0,0.0,1.691541212708564e-9,2.0011241878002907e-9,0.0,0.0,2078.7100172707387,5067.769671108123,15580.606796228016
"1e-8,netlib_pdhg_enhanced_100k",1e-8,netlib_pdhg_enhanced_100k,stair,TERMINATION_REASON_OPTIMAL,35320,1.80486678,37111.5,-251.26695104592025,-251.26695505364748,7.959200321705864e-9,4.540742528396219e-9,2.5092423208694647e-9,1.3512559548847435e-10,8.22332479888388e-11,3.777657897756684e-12,4.811986563749694e-12,6.756279774423717e-11,4.11166239944194e-11,283.3519373816975,889.5815782736222,8.8316530447889
"1e-8,netlib_pdhg_enhanced_100k",1e-8,netlib_pdhg_enhanced_100k,standata,TERMINATION_REASON_OPTIMAL,800,0.223999564,861.5,1257.6995005865867,1257.6994760193788,9.762842907732248e-9,4.246738916212972e-8,2.644044627686526e-8,0.0,0.0,2.021753074435168e-11,1.8967321575943515e-11,0.0,0.0,10.000000084528047,46.45427864621597,24.399999999941365
"1e-8,netlib_pdhg_enhanced_100k",1e-8,netlib_pdhg_enhanced_100k,standgub,TERMINATION_REASON_OPTIMAL,880,0.218590522,945.5,1257.6994975351513,1257.6994901192984,2.947009970342995e-9,1.4853109805423306e-7,8.860114864006619e-8,0.0,0.0,7.071148240216366e-11,6.355893015786671e-11,0.0,0.0,10.000000000052005,46.454278435764834,24.400000029217928
"1e-8,netlib_pdhg_enhanced_100k",1e-8,netlib_pdhg_enhanced_100k,standmps,TERMINATION_REASON_OPTIMAL,1920,0.420490663,2036.5,1406.0174900749937,1406.0174866082286,1.2323931604037433e-9,2.5305085065281387e-7,1.087091374696314e-7,0.0,0.0,1.2052110655869383e-10,7.798359933259068e-11,0.0,0.0,10.0,40.95221056975654,28.84999344850178
"1e-8,netlib_pdhg_enhanced_100k",1e-8,netlib_pdhg_enhanced_100k,stocfor1,TERMINATION_REASON_OPTIMAL,2240,0.187853813,2433.5,-41131.975855723744,-41131.976246018065,4.744357236608606e-9,9.516279646310367e-7,9.479913476440061e-7,0.0,0.0,7.71256737117199e-9,1.2484738204847738e-8,0.0,0.0,26.275950446374036,55.147468692617345,474.4208640783556
"1e-8,netlib_pdhg_enhanced_100k",1e-8,netlib_pdhg_enhanced_100k,stocfor2,TERMINATION_REASON_OPTIMAL,16560,2.160681444,17469.5,-39024.40856458894,-39024.40878064913,2.768234371770939e-9,2.259183722667158e-6,1.5698651623097248e-6,0.0,0.0,9.565325007664041e-9,1.707061712112181e-8,0.0,0.0,406.18841311154375,691.6246075519065,357.60279824203644
"1e-8,netlib_pdhg_enhanced_100k",1e-8,netlib_pdhg_enhanced_100k,stocfor3,TERMINATION_REASON_KKT_MATRIX_PASS_LIMIT,95080,68.086505887,100032.5,-39976.7486966375,-39978.38635669672,2.048198125293265e-5,0.0030358188947087017,0.0021581275548214762,0.0,0.0,4.98275609108409e-7,9.154958040791354e-7,0.0,0.0,747.1961800264918,3713.2852827503675,328.78137465834567
"1e-8,netlib_pdhg_enhanced_100k",1e-8,netlib_pdhg_enhanced_100k,truss,TERMINATION_REASON_OPTIMAL,28920,16.096431594,30421.5,458815.8464123428,458815.8459089186,5.486118901712303e-10,2.8419026654844824e-8,3.49113982167637e-9,5.3099790888133545e-8,3.276786486594574e-8,2.9779153305713433e-10,1.6624475341316047e-10,3.09092108385474e-11,7.94397517156801e-10,683.245904170734,2015.651903815009,3904.869868062408
"1e-8,netlib_pdhg_enhanced_100k",1e-8,netlib_pdhg_enhanced_100k,tuff,TERMINATION_REASON_KKT_MATRIX_PASS_LIMIT,95160,5.393393173,100024.5,0.2921476825078234,0.2921461983719866,9.367806407316488e-7,0.00014516151948511894,0.0001445672146473953,0.0,0.0,9.73929279332981e-7,1.062994225348495e-6,0.0,0.0,4055.099223679828,7119.186761706626,0.02218172657367183
"1e-8,netlib_pdhg_enhanced_100k",1e-8,netlib_pdhg_enhanced_100k,vtp.base,TERMINATION_REASON_OPTIMAL,1320,0.125572306,1413.5,129831.46317636264,129831.46125481211,7.400144379059463e-9,9.104000458777015e-6,7.852868975533056e-6,0.0,0.0,1.28490204819756e-9,1.618814466199352e-9,0.0,0.0,1762.7537188576011,1927.545956669826,948.9512947527419
"1e-8,netlib_pdhg_enhanced_100k",1e-8,netlib_pdhg_enhanced_100k,wood1p,TERMINATION_REASON_OPTIMAL,2840,0.865296189,3031.5,1.4429024013315235,1.4429023795598939,5.60286242822062e-9,1.7598625764913213e-8,1.489836373284417e-8,0.0,0.0,7.610412443643891e-9,7.449181866422085e-9,0.0,0.0,0.4952269073392939,0.5667498559312676,4.634725407179731
"1e-8,netlib_pdhg_enhanced_100k",1e-8,netlib_pdhg_enhanced_100k,woodw,TERMINATION_REASON_OPTIMAL,24800,6.155194426,26077.5,1.3044763357926237,1.3044763248260836,3.0387043421537816e-9,4.1492396731037225e-7,1.9579433097050014e-7,0.0,0.0,3.6563111376952075e-9,3.8092282289980575e-9,0.0,0.0,0.2658597492925684,0.5801857989050064,1.8779608146746791
